Site,Date,Level,SRP,NH4,NO3,TDN,DON,DOC,Cl,SO4,Precipitation
Inflow,2/27/07,0.59,0.005,0.06,0.41,0.65,0.17,26.34,-9999,-9999,0
Inflow,3/6/07,0.7,0.0061,0.176,0.01,0.64,0.45,48.48,-9999,-9999,0
Inflow,3/13/07,0.64,0.005,0.242,0,1.92,1.68,58.63,-9999,-9999,0.25
Inflow,3/20/07,0.61,0.005,0.214,0,1.54,1.33,57.35,-9999,-9999,0
Inflow,3/27/07,0.61,0.008,0.239,0,1.75,1.51,56.58,-9999,-9999,0
Inflow,4/3/07,0.59,0.0122,0.158,0,1.81,1.65,60.36,-9999,-9999,0
Inflow,4/11/07,0.56,0.0048,0.342,0.01,2.08,1.72,61.75,-9999,-9999,0
Inflow,4/17/07,0.55,0.0007,0.198,0.01,1.95,1.74,68.07,-9999,-9999,1.78
Inflow,4/24/07,0.75,0.0025,0.042,0.02,1.98,1.91,64.9,-9999,-9999,0
Inflow,5/1/07,0.67,0.0025,0.06,0.02,1.91,1.83,64.47,-9999,-9999,0
Inflow,5/8/07,0.61,0.0013,0.136,0.01,1.84,1.69,63.88,-9999,-9999,0.51
Inflow,5/15/07,0.6,0.0273,0.378,0.01,1.82,1.43,63.4,-9999,-9999,0
Inflow,5/22/07,0.61,0.026,0.469,0.01,2,1.52,61.73,-9999,-9999,0
Inflow,5/30/07,0.54,0.011,0.285,0.01,1.84,1.54,64.03,-9999,-9999,0
Inflow,6/5/07,0.53,0.0108,0.205,0.01,1.77,1.55,63.29,-9999,-9999,1.02
Inflow,6/12/07,0.6,0.0108,0.305,0.01,1.76,1.44,62.93,-9999,-9999,0
Inflow,6/19/07,0.58,0.016,0.405,0.01,1.67,1.25,62.7,-9999,-9999,1.52
Inflow,6/26/07,0.57,0.03,0.377,0.01,1.68,1.29,62.54,16.27,7.67,0
Inflow,7/3/07,0.51,0.0072,0.349,0.01,1.7,1.34,62.5,-9999,-9999,0
Inflow,7/10/07,0.48,0.0142,0.068,0,1.67,1.6,62.58,15.69,3.68,0
Inflow,7/17/07,0.51,0.008,0.07,0,1.54,1.47,67.75,19.44,3.01,0
Inflow,7/25/07,0.48,0.014,0.118,0,1.87,1.75,63,14.32,1.82,0
Inflow,7/31/07,0.41,0.0398,0.125,0,2.71,2.58,67.25,17.33,1.88,8.89
Inflow,8/6/07,0.4,0.0395,0.125,0,2.71,2.58,76.6,-9999,-9999,1.27
Inflow,8/13/07,0.34,-9999,-9999,-9999,-9999,-9999,76.6,16.65,-9999,0
Inflow,8/22/07,0.23,0.02,0.159,0.01,3.55,3.38,85.94,31.13,0.87,22.1
Inflow,8/30/07,0.18,0.006,1.45,0.02,3.07,1.6,61.63,67.63,0.57,0
Inflow,9/5/07,0.08,0.005,1.17,0.02,2.55,1.36,58.8,73.15,0.99,0
Inflow,9/12/07,0.04,0.0025,1.93,0.01,3.58,1.64,69.35,106.53,1.81,0
Inflow,9/18/07,0.08,0.0341,1,0.03,3.57,2.54,44.29,349.31,9.39,0
Inflow,9/25/07,0.11,0.005,3.25,0.01,3.55,0.29,19.23,472.29,12.25,0
Inflow,10/3/07,0.07,0.005,3.97,0.02,4.6,0.61,16.41,444.15,9.06,0
Inflow,10/10/07,0.05,0.005,3.75,0,4.48,0.73,17.07,755.04,62.89,0
Inflow,10/17/07,0.16,0.005,4.96,0,5.85,0.89,16.25,492.64,20.19,0
Inflow,10/24/07,0.12,0.005,3.26,0,3.95,0.68,14.18,641.13,30.75,0
Inflow,11/1/07,0.22,0.005,4.39,0,5.28,0.89,14.53,553.6,23.65,0
Inflow,11/7/07,0.18,0.005,3.82,0,4.77,0.94,14.85,566.94,23.85,0
Inflow,11/14/07,0.14,0.005,3.89,0.02,5.65,1.74,16.12,566.72,23.21,0
Inflow,11/20/07,0.16,0.005,3.63,0.03,6.54,2.88,17.38,588.46,21.98,0
Inflow,11/29/07,0.14,0.005,3.36,0.04,4.11,0.71,10.46,482.79,24.46,0
Inflow,12/6/07,0.12,0.003,0.981,0.06,3.97,2.93,10.29,672.05,19.69,0
Inflow,12/13/07,0.1,0.023,3.26,0.16,3.83,0.41,10.11,659.52,20.36,0
Inflow,12/23/07,0.22,0.0102,2.9,0.09,4.05,1.06,13.92,684.06,18.01,0
Inflow,12/28/07,0.29,0.003,2.61,0.27,3.66,0.78,13.57,571.05,13.27,0
Inflow,1/4/08,0.28,0.0034,3.19,0.07,4.36,1.1,11.25,689.59,20.49,0
Inflow,1/9/08,0.27,0.0025,2.64,0.06,3.2,0.5,9.93,670.49,20.03,0
Inflow,1/16/08,0.29,0.0032,2.17,0.06,4.36,2.13,10.94,674.49,16.93,0
Inflow,1/24/08,0.44,0.0025,2.68,0.34,1.22,-9999,18.04,101.4,15.66,2.79
Inflow,1/31/08,0.41,0.004,1.44,0.23,2.15,0.49,10.69,468.51,14.28,0.25
Inflow,2/7/08,0.41,0.0033,2.13,0.13,2.62,0.36,7.13,550.77,18.39,0
Inflow,2/14/08,0.48,0.0081,0.0445,0.07,1.03,0.92,28.53,62.54,19.07,34.29
Inflow,2/21/08,0.52,0.0078,0.118,-9999,1.16,1.05,23.83,-9999,-9999,0
Inflow,2/28/08,0.58,0.0025,0.0308,0.04,0.68,0.61,20.36,113,14.73,0
Inflow,3/7/08,0.62,0.0212,0.0001,-9999,0.77,-9999,19.54,-9999,-9999,0
Inflow,3/13/08,0.63,0.0203,0.0001,-9999,2.8,-9999,22.94,-9999,-9999,0
Inflow,3/20/08,0.61,0.0059,0.0809,-9999,1.5,-9999,23.39,-9999,-9999,1.52
Inflow,3/27/08,0.58,0.0064,0.191,-9999,1.3,-9999,21.86,-9999,-9999,0
Inflow,4/2/08,0.57,0.005,0.0793,0,1.34,1.26,29.8,103.33,16.47,2.79
Inflow,4/10/08,0.71,0.005,0.008,3.28,3.74,0.45,3.74,21.35,29.24,0.25
Inflow,4/17/08,0.66,0.005,0.117,3.11,4.22,0.99,22.37,29.5,33.8,0
Inflow,4/24/08,0.75,0.005,0.0154,2.48,3.97,1.48,27.63,17.89,37.47,0
Inflow,5/1/08,0.75,0.005,0.0001,0.47,1.96,1.49,27.16,16.96,33.52,0
Inflow,5/7/08,0.7,0.005,0.0501,0.2,1.42,1.17,29.59,20.62,30.18,0.25
Inflow,5/15/08,0.68,0.005,0.0335,0,1.95,1.92,37.28,27.87,26.18,0
Inflow,5/22/08,0.66,0.005,0.0225,0,1.45,1.43,40.93,0.58,0.28,0.25
Inflow,5/29/08,0.63,0.005,0.0025,0.03,1.55,1.51,40.77,33.65,22.48,11.18
Inflow,6/5/08,0.58,0.005,0.0025,0.03,1.78,1.74,46.74,39.44,15.96,0
Inflow,6/12/08,0.5,0.005,0.133,0.07,2.25,2.05,52.91,59.16,11.5,0
Inflow,6/19/08,0.43,0.0103,0.0804,0.07,2.41,2.27,56.83,63.97,10.78,0
Inflow,6/26/08,0.36,0.005,0.106,0.06,1.84,1.67,46.84,75.19,9.3,0
Inflow,7/3/08,0.25,0.005,0.325,0.04,1.76,1.39,44.86,64.15,11.12,0
Inflow,7/10/08,0.21,0.005,0.292,0.05,1.72,1.38,42.31,60.1,10.47,12.19
Inflow,7/17/08,0.14,0.005,0.301,0.03,1.83,1.49,44.46,108.84,9.26,0
Inflow,7/24/08,0.14,0.005,0.182,0.08,1.88,1.62,44.53,68.07,6.71,9.65
Inflow,7/31/08,0.13,0.005,0.146,0.04,1.51,1.32,38.49,68.2,6.57,1.78
Inflow,8/7/08,0.07,0.005,0.172,0.06,1.68,1.45,40.01,76.64,6.14,0
Inflow,8/14/08,0.01,0.005,0.24,0.03,-9999,-9999,-9999,66.09,5.3,3.3
Inflow,8/22/08,-0.08,0.005,0.381,0.04,1.91,1.49,45.11,73.9,5.51,0
Inflow,8/28/08,-0.08,0.005,0.622,0.06,2,1.31,39.39,72.08,5.35,23.62
Inflow,9/4/08,0.12,0.005,0.942,0.05,2.06,1.06,32.93,88.32,8,0
Inflow,9/11/08,0.19,0.005,1.1,0.06,2.12,0.96,30.62,121.82,7.46,1.78
Inflow,9/18/08,0.15,0.005,1.23,0.08,3.38,2.07,34.17,102.23,6.43,0
Inflow,9/25/08,0.12,0.005,1.46,0.08,3.6,2.06,33.57,105.33,7.14,0
Inflow,10/2/08,0.13,0.005,1.48,0.09,3.46,1.89,32.69,105.46,7.18,11.68
Inflow,10/8/08,0.09,0.005,1.55,0.08,3.58,1.95,33.1,103.74,6.63,0
Inflow,10/16/08,0.05,0.005,1.52,0.11,3.57,1.94,33.22,109.32,6.24,0
Inflow,10/23/08,0.05,0.005,1.48,0.09,2.39,0.82,29.93,111.89,7.37,0
Inflow,10/30/08,0.05,0.005,1.51,0.29,2.57,0.77,28.45,121.05,12.88,0
Inflow,11/6/08,0.26,0.005,0.499,0.08,1.91,1.34,22.27,92.42,10.69,28.96
Inflow,11/14/08,0.32,0.005,0.875,0.08,1.35,0.39,23.67,135.23,9.88,7.11
Inflow,11/20/08,0.34,0.005,1.02,0.06,1.91,0.83,26.19,109.27,11.47,0.25
Inflow,11/26/08,0.34,0.005,0.647,0.07,1.71,0.99,28.1,74.28,16.33,0
Inflow,12/4/08,0.45,0.008,0.355,0.06,1.44,1.03,27.67,50.84,17.99,0
Inflow,12/10/08,0.44,0.008,0.0279,0.11,1.05,0.91,28.78,64.31,16.69,0.76
Inflow,12/18/08,0.57,-9999,1.9,-9999,1,-9999,24.87,-9999,-9999,0.51
Inflow,12/25/08,0.56,0.005,0.0409,0.07,1.15,1.04,30.15,61.54,14.01,2.54
Inflow,1/3/09,0.55,0.005,0.119,0.05,1.17,1,32.38,52.23,13.59,0.25
Inflow,1/8/09,0.59,0.005,0.0694,0.06,1.24,1.11,30.3,43.29,14.07,0
Inflow,1/15/09,0.62,0.005,0.025,0.06,1.02,0.94,28.55,29.79,13.34,0.25
Inflow,1/23/09,0.62,0.0025,0.01,0,0.95,0.94,26.27,32.92,12.5,0
Inflow,1/29/09,0.62,0.0025,0.0183,0.06,1.02,0.95,27.08,43.48,12.02,0.25
Inflow,2/5/09,0.61,0.0025,0.238,0,1.07,0.83,24.02,67.24,11.94,0
Inflow,2/12/09,0.59,0.0025,0.284,0.02,1.21,0.9,23,71.21,18.81,0
Inflow,2/18/09,0.58,0.0025,0.125,0.01,0.99,0.85,23.49,71.21,13.61,8.64
Inflow,2/26/09,0.59,0.0025,0.136,0.02,0.9,0.75,22.51,73.76,15.37,0
Inflow,3/5/09,0.59,0.0027,0.0025,0.05,0.66,0.61,22.51,21.2,12.27,0.25
Inflow,3/12/09,0.56,0.0025,0.0025,0.05,0.84,0.79,24.45,38.14,9.95,0.25
Inflow,3/19/09,0.63,0.0025,0.0025,0.05,0.92,0.87,28.15,18.28,9.74,0
Inflow,3/25/09,0.61,0.0025,0.0025,0.04,1.01,0.97,26.85,28.3,9.31,0.25
Inflow,4/2/09,0.67,0.0025,0.0025,0.05,0.98,0.93,30.52,16.85,8.07,2.79
Inflow,4/8/09,0.66,0.0025,0.0038,0.03,1.05,1.01,29.28,42.37,10.19,0
Inflow,4/16/09,0.66,0.0025,0.0005,0.04,1.12,1.08,29.67,32.44,9.55,0
Inflow,4/22/09,0.64,0.0066,0.0658,0.01,1.48,1.41,31.85,23.25,7.85,0.51
Inflow,4/30/09,0.61,0.0052,0.0124,0.01,1.5,1.48,35.18,24.58,18.62,0
Inflow,5/7/09,0.67,0.0025,0.028,0.01,1.53,1.49,50.39,17.06,8.51,22.1
Inflow,5/14/09,0.73,0.0025,0.173,0.04,1.83,1.62,40.02,24.97,13.29,0
Inflow,5/21/09,0.81,0.0054,0.0705,5.07,6.61,1.47,48.49,26.32,22.94,0
Inflow,5/28/09,0.77,0.0039,0.0217,0.32,1.65,1.3,26.56,22.76,17.56,0
Inflow,6/4/09,-9999,0.0043,0.0078,0.11,1.65,1.53,30.99,30.23,10.44,1.78
Inflow,6/11/09,-9999,0.005,0.0017,0.02,1.33,1.31,37.51,21.9,7.69,0
Inflow,6/18/09,0.53,0.0018,0.062,0.01,1.45,1.37,32.81,28.83,5.09,3.81
Inflow,6/25/09,0.53,0.003,0.0123,0,1.38,1.36,36.8,30.26,6.29,0.25
Inflow,7/2/09,0.5,0.001,0.0148,0.01,1.36,1.34,35.7,27.2,5.84,0.25
Inflow,7/9/09,0.7,0.001,0.0016,1.04,1.92,0.88,36.32,13.49,8.5,0.51
Inflow,7/16/09,0.71,0.0017,0.0072,0.39,1.41,1.01,22.3,12.43,7.86,0
Inflow,7/23/09,0.75,0.002,0.0029,0.04,1.48,1.44,25.26,14.58,9.04,3.81
Inflow,7/30/09,0.68,0.0025,0.0105,0.03,1.4,1.35,44.54,16.72,8.32,0.25
Inflow,8/7/09,0.77,0.0025,0.0092,0.03,1.22,1.18,44.28,12.74,5.47,1.02
Inflow,8/13/09,0.76,0.0025,0.0025,0.04,1.18,1.14,34.32,13.91,6.16,9.65
Inflow,8/20/09,0.7,0.0092,0.021,0.01,1.13,1.1,33.89,17.29,6.62,0.25
Inflow,8/27/09,0.72,0.0081,0.0644,0,1.17,1.1,33.89,19.82,10.83,0
Inflow,9/4/09,0.73,0.007,0.0145,0.03,1.18,1.13,35.27,23.53,16.38,0
Inflow,9/11/09,0.81,0.0061,0.0074,0.06,1.06,1,33.92,15.36,11.11,0.25
Inflow,9/17/09,0.77,0.006,0.004,0.04,0.96,0.91,23.29,17.42,10.39,0.51
Inflow,9/24/09,0.73,0.0025,0.0025,0,1.22,1.22,22.82,1.54,0.44,0.25
Inflow,10/1/09,0.72,0.0025,0.0092,0.02,1.36,1.33,33.76,18.17,5.06,0.25
Inflow,10/8/09,0.69,0.0025,0.0335,0.03,1.7,1.64,41.71,20.14,3.89,0.25
Inflow,10/15/09,0.7,0.0025,0.0131,0.04,1.93,1.88,44.08,20.6,3.67,7.37
Inflow,10/22/09,0.68,0.0025,0.01,0.01,1.5,1.48,45.05,12.77,1,0.51
Inflow,10/29/09,0.66,0.0025,0.0419,0,1.72,1.68,32.41,15.79,2.72,0
Inflow,11/5/09,0.67,0.0025,0.0343,0,1.7,1.67,35.76,14.1,1.63,0.25
Inflow,11/15/09,1.03,0.0139,0.0085,0.2,0.88,0.67,34.77,7.17,5.26,0.25
Inflow,11/19/09,0.97,0.0207,0.0273,0.06,1.24,1.15,12.8,9.24,6.15,0.25
Inflow,11/25/09,0.91,0.0257,0.0817,0.14,2.02,1.79,22.3,14.63,8.45,0.51
Inflow,12/3/09,0.87,0.0086,0.0757,0.02,1.66,1.56,48.02,14.45,9.09,6.35
Inflow,12/10/09,0.91,0.0025,0.0251,0.18,1.11,0.91,40.57,14.93,10.98,0.76
Inflow,12/19/09,0.86,0.0025,0.0665,0.03,0.94,0.84,27.76,14.43,14.46,11.68
Inflow,12/26/09,0.87,0.0025,0.0736,0.12,0.87,0.67,24.34,14.94,16.28,22.61
Inflow,12/30/09,0.87,0.0025,0.0058,0.62,1.32,0.69,24.39,13.7,11.68,0
Inflow,1/7/10,0.84,0.0025,0.0952,0.12,0.87,0.65,22.02,14.49,20.97,0.25
Inflow,1/14/10,0.8,0.0025,0.1181,0.55,1.03,0.36,21.63,15.17,18.83,0.5
Inflow,1/21/10,0.83,0.0025,0.1178,0.99,1.09,-9999,21.04,16.16,10.51,15.85
Inflow,1/28/10,0.86,0.0025,0.081,0.28,1.25,0.89,26.03,16.28,14.45,0.25
Inflow,2/3/10,0.87,0.0025,0.1744,0.04,1.2,0.99,30.83,17.87,8.73,2.52
Inflow,2/11/10,0.89,0.0025,0.1176,0.2,0.85,0.53,21.39,15.07,13.28,0.25
Inflow,2/17/10,0.86,0.0025,0.1508,0.03,1.17,0.98,33.75,18.23,4.66,0.25
Inflow,2/25/10,0.83,0.0025,0.0821,0.02,1.06,0.96,37.46,19.38,1.96,4.03
Inflow,3/3/10,0.86,0.0025,0.0774,0.01,2.08,1.98,16.16,19.68,1.16,13.59
Inflow,3/10/10,0.84,0.0025,0.057,0.01,1.05,0.98,37.19,18.78,1.66,1.76
Inflow,3/18/10,0.84,0.0025,0.0713,0.01,1.38,1.3,38.47,17.6,0.92,0
Inflow,3/25/10,0.79,0.0025,0.0481,0.02,1.48,1.42,42.38,19.97,0.66,0.25
Inflow,4/1/10,0.8,0.0025,0.0387,0.01,1.39,1.34,45.83,20.88,0.51,0.25
Inflow,4/8/10,0.74,0.0025,0.0573,0.01,1.59,1.52,52.35,21.73,0.67,0
Inflow,4/15/10,0.71,0.0025,0.065,0.02,1.62,1.53,56.69,23.68,0.59,0
Inflow,4/20/10,0.68,0.0025,0.0868,0.01,1.84,1.74,59.63,24.49,0.59,0
Inflow,4/29/10,0.64,0.0025,0.1942,0,1.63,1.44,56.91,27.14,0.86,0.5
Inflow,5/5/10,0.61,0.0025,0.2675,0.07,1.69,1.35,54.21,29.35,1.08,0.5
Inflow,5/13/10,0.58,0.0025,0.2955,0.1,2.46,2.07,61.7,30.09,0.85,25.92
Inflow,5/19/10,0.6,0.0025,0.2624,0.15,2.33,1.92,54.15,26.81,1.2,0.75
Inflow,5/27/10,0.66,0.0055,0.2398,0.18,1.89,1.47,42.41,20.16,1.23,0.25
Inflow,6/3/10,0.61,0.012,0.6815,0.02,2.3,1.6,56.47,26.09,0.81,0.25
Inflow,6/10/10,0.58,0.0025,0.5718,0.05,2.03,1.41,57.17,25.79,1.3,0.3
Inflow,6/16/10,0.52,0.0025,0.5275,0.03,2.03,1.47,59.95,26.9,0.87,6.49
Inflow,6/24/10,0.45,0.0064,0.4276,0.02,2.12,1.67,60.65,28.2,0.61,0
Inflow,7/1/10,0.51,0.0025,0.5296,0.01,1.91,1.38,55.14,25.17,1.14,5.19
Inflow,7/8/10,0.44,0.0203,0.2725,0.03,2.09,1.79,55.27,28.48,0.6,0
Inflow,7/15/10,0.46,0.0068,0.2706,0.03,2.01,1.71,52.88,26.5,0.72,0
Inflow,7/22/10,0.39,0.0074,0.3059,0.01,1.95,1.63,54.25,27.28,0.56,0
Inflow,7/29/10,0.3,0.0182,0.6879,0.04,2.84,2.12,64.69,27.6,0.78,2.7
Inflow,8/4/10,0.25,0.0141,0.986,0.01,3.69,2.69,77.46,28.46,0.47,0.3
Inflow,8/12/10,0.26,0.0137,1.0577,0.01,3.41,2.34,77.68,27.53,1.9,10.98
Inflow,8/19/10,0.33,0.013,1.0357,0.02,3.73,2.67,79.25,28.84,2.86,0.5
Inflow,8/26/10,0.36,0.0166,1.3669,0.02,4.06,2.68,85.3,31.79,2.36,0
Inflow,9/1/10,0.3,0.0157,2.4992,0.01,5.23,2.72,89.78,41.25,1.33,0.3
Inflow,9/9/10,0.32,0.0103,2.959,0.01,5.09,2.13,70.93,57.28,1.07,0
Inflow,9/16/10,0.3,0.0076,3.8599,0,5.49,1.63,57,77.44,0.98,0
Inflow,9/23/10,0.24,0.0025,4.144,0.01,5.16,1.01,28.08,92.27,0.79,0.25
Inflow,10/1/10,0.72,0.0936,0.0462,0.61,1.59,0.93,15.29,9.66,5.56,1.52
Inflow,10/7/10,0.82,0.0074,0.0113,0.01,1.34,1.32,42.9,11.16,11.31,15.75
Inflow,10/13/10,0.75,0.0109,0.0835,0,1.47,1.39,40.99,11.98,9.84,0
Inflow,10/21/10,0.69,0.0079,0.3358,0,1.78,1.44,51.02,33.06,2.61,0
Inflow,10/28/10,0.66,0.0101,0.3268,-9999,2.15,-9999,59.52,-9999,-9999,0.76
Inflow,11/3/10,0.63,0.0035,0.2641,0.06,2.91,2.58,92.84,42.7,1.01,1.52
Inflow,11/11/10,0.64,0.0025,0.2936,0.06,2.3,1.95,74.14,38.52,0.56,0
Inflow,11/18/10,-9999,0.003,0.3517,0.06,2.31,1.9,72.5,40.22,0.57,0
Inflow,11/26/10,-9999,0.0031,0.352,0.06,2.64,2.23,71.18,42.9,0.59,2.29
Inflow,12/2/10,-9999,0.0036,0.3731,0.05,2.07,1.64,68.06,45.51,0.37,0
Inflow,12/9/10,-9999,0.0025,0.3707,0.05,2.4,1.98,73.22,43.98,0.43,0.51
Inflow,12/15/10,0.61,0.0062,0.4554,0.03,2.24,1.76,66.36,43.07,0.29,0.51
Inflow,12/23/10,0.63,0.0053,0.4307,0.03,1.97,1.5,57.31,39.56,0.65,0
Inflow,12/30/10,0.63,0.0037,0.3647,0.04,1.8,1.39,56.13,38.25,0.89,4.06
Inflow,1/7/11,0.65,0.0025,0.2888,0.04,1.67,1.34,53.16,35.08,1,0.51
Inflow,1/13/11,0.64,0.0046,0.2516,0.04,1.73,1.43,54.55,33.93,0.81,0
Inflow,1/20/11,0.7,0.0049,0.2339,0,1.54,1.3,50.42,34.22,0.37,0.51
Inflow,1/27/11,0.69,0.0024,0.2008,0.01,1.53,1.33,51.14,28.91,0.36,0.51
Inflow,2/3/11,0.67,0.002,0.1482,0,1.06,0.9,32.88,12.77,0.16,1.27
Inflow,2/11/11,0.72,0.002,0.1357,0.01,1.39,1.25,49.09,24.52,1.07,0
Inflow,2/18/11,0.7,0.0093,0.1205,0,1.4,1.28,49.98,21.93,1.59,0
Inflow,2/24/11,-9999,0.0025,0.0872,0,1.91,1.82,61.19,23.66,0.83,0
Inflow,3/3/11,-9999,0.0025,0.0883,0.01,1.77,1.67,60.36,24.66,0.38,0
Inflow,3/9/11,-9999,0.0025,0.0919,0,1.76,1.66,60.53,24.23,0.81,0
Inflow,3/17/11,-9999,0.0052,0.0862,0.01,1.75,1.65,57.23,22.74,0.72,0
Inflow,3/25/11,0.67,0.0025,0.0603,0.01,1.49,1.42,53.03,22.82,0.6,0
Inflow,3/31/11,0.71,0.0025,0.0721,0.02,1.71,1.62,56.56,24.09,0.49,0
Inflow,4/7/11,0.69,0.0025,0.0475,0.01,1.58,1.52,55.98,23.1,0.46,0
Inflow,4/14/11,0.68,0.0025,0.0712,0.01,1.66,1.58,58.25,23.35,0.62,0
Inflow,4/21/11,0.69,0.0025,0.1293,0.06,2.03,1.84,56.22,20.78,2.93,0
Inflow,4/27/11,0.67,0.0025,0.0566,0.01,2.17,2.1,71.28,24.71,0.79,0
Inflow,5/6/11,0.63,0.0025,0.1121,0,2.23,2.12,67.55,23.08,0.4,0
Inflow,5/11/11,0.6,0.0025,0.017,0.01,2.02,1.99,68.56,24.97,0.26,0
Inflow,5/19/11,0.55,0.0025,0.0611,0,2.11,2.05,70.22,26.86,0.21,0
Inflow,5/26/11,0.53,0.0141,0.1172,0.01,1.63,1.51,64.98,25.77,0.46,0
Inflow,6/2/11,0.47,0.0079,0.0025,0,1.65,1.65,65.2,28.21,0.27,0
Inflow,6/9/11,0.39,0.0057,0.1697,0,1.66,1.49,64.76,27.44,0.31,0
Inflow,6/15/11,0.32,0.0025,0.1751,0,1.58,1.4,63.25,25.42,0.11,0
Inflow,6/23/11,0.24,0.028,0.7149,0.01,3.34,2.62,78.17,31.01,0.32,0.25
Inflow,6/30/11,0.2,0.0064,0.1173,0.01,1.72,1.59,52.25,72.83,1.83,0.25
Inflow,7/7/11,0.23,0.0025,0.4805,0.01,2.26,1.76,59.07,28.14,2.21,0
Inflow,7/14/11,0.13,0.0025,0.5283,-9999,2.09,1.56,59.32,-9999,-9999,0
Inflow,7/21/11,-9999,0.0025,0.0981,0.02,1.96,1.84,62.07,35.19,0.62,0.25
Inflow,7/28/11,-9999,0.0025,0.3218,0.01,2.05,1.72,60.78,36.83,0.7,0
Inflow,8/4/11,0.07,0.0025,0.4288,0.01,2.12,1.69,53.92,38.27,0.51,0.51
Inflow,8/11/11,0.16,0.0025,1.405,0,2.78,1.37,37.96,70.62,3.91,0
Inflow,8/18/11,0.11,0.0025,1.3395,0.01,2.4,1.06,28.42,91.85,2.17,0
Inflow,8/24/11,0.19,0.0025,2.6249,0.01,3,0.37,15.88,173.33,3.07,0
Inflow,9/1/11,0.7,0.0565,0.0025,0,1.29,1.29,35.89,54.39,6.99,0
Inflow,9/8/11,0.63,0.0403,0.005,0.02,1.35,1.33,33.51,85.52,4.43,0.76
Inflow,9/14/11,0.63,0.0378,0.015,0.02,1.61,1.58,38.55,92.66,4.3,0
Inflow,9/21/11,0.65,0.0141,0.0174,0.02,1.2,1.17,36.94,119.08,12.26,0.25
Inflow,9/29/11,0.8,0.0506,0.005,0.02,1.29,1.27,34.44,27.75,3.21,11.18
Inflow,10/5/11,0.78,0.0213,0.1347,0.02,1.65,1.5,45.92,57.39,3.96,0
Inflow,10/13/11,0.72,0.0211,0.0976,0.02,1.44,1.32,47.2,56.15,3.67,12.7
Inflow,10/20/11,0.7,0.005,0.0125,0.02,1.26,1.23,49.92,59.8,1.89,0
Inflow,10/27/11,0.66,0.0123,0.0132,0.01,1.52,1.49,52.93,47.36,1.32,0
Inflow,11/2/11,0.66,0.0096,0.0124,0.01,1.53,1.51,54.78,50.78,0.51,0
Inflow,11/10/11,0.65,0.0025,0.0168,0,1.27,1.25,45.3,53.32,0.78,0
Inflow,11/16/11,0.63,0.0066,0.0128,0,1.4,1.39,50.62,49.95,0.82,1.27
Inflow,11/26/11,0.62,0.0086,0.0122,0,1.36,1.34,49.37,54.06,0.47,0
Inflow,12/7/11,0.6,0.006,0.0165,0,1.42,1.4,49.04,54.45,0.65,0
Inflow,12/11/11,0.6,0.0085,0.0127,0.01,1.24,1.23,43.56,52.61,0.95,4.06
Inflow,12/19/11,0.58,0.0025,0.0171,0,1.21,1.2,45.48,53.79,0.4,0
Inflow,12/28/11,0.58,0.0052,0.0118,0.01,1.21,1.19,44.15,53.47,0.63,0
Inflow,1/4/12,0.56,0.0062,0.0318,0.02,1.23,1.18,41.41,53,0.51,0
Inflow,1/12/12,0.59,0.0054,0.0381,0,1.14,1.1,38.77,51.15,0.77,0.25
Inflow,1/19/12,0.58,0.0025,0.0412,0.16,1.02,0.82,39.68,48.84,0.76,0
Inflow,1/26/12,0.61,0.0025,0.0216,0.14,0.75,0.6,37.47,43.1,1.76,0
Inflow,2/9/12,0.64,0.0025,0.0215,0.13,0.63,0.47,35.48,40.64,0.89,0
Inflow,2/15/12,0.64,0.0025,0.0174,0.13,0.7,0.56,39.04,37.71,1.15,0
Inflow,2/23/12,0.69,0.0025,0.0161,0.11,0.63,0.5,33.8,33.77,3.44,2.79
Inflow,3/1/12,0.69,0.0025,0.0155,0.11,0.87,0.74,37.54,31.95,2.99,0
Inflow,3/8/12,0.54,0.0025,0.1042,0.3,1.25,0.85,30.1,32.93,8.95,0
Inflow,3/15/12,0.51,0.0025,0.0025,0.01,1.11,1.1,37.31,31.48,3.49,0
Inflow,3/22/12,0.47,0.0025,0.0025,0.02,1.25,1.23,43.27,32.55,0.68,0.25
Inflow,3/29/12,0.36,0.0025,0.0025,0.01,1.18,1.17,41.72,32.79,1.87,0
Inflow,4/3/12,0.35,0.0025,0.0025,0,1.16,1.15,47.12,29.62,0.62,4.83
Inflow,4/12/12,0.31,0.0025,0.0025,0.01,1.22,1.2,45.24,6,0.13,0
Inflow,4/18/12,0.28,0.0025,0.0025,0,1.17,1.16,46.15,37.81,0.64,7.37
Inflow,4/25/12,0.3,0.0025,0.0025,0.01,1.36,1.35,46.48,44,0.44,0
Inflow,5/3/12,0.29,0.0025,0.0025,0,1.18,1.18,44.34,38.96,1.18,0
Inflow,5/10/12,0.23,0.0025,0.0025,0,1.26,1.26,44.54,41.18,0.46,0
Inflow,5/17/12,0.17,0.0067,0.0025,0,1.33,1.32,46.56,41.09,0.3,0.25
Inflow,5/25/12,0.11,0.0025,0.0025,0.01,0.97,0.96,42.78,40.5,0.25,0.25
Inflow,5/31/12,0.38,0.0025,0.0025,0.03,0.87,0.83,24.93,10.72,1.9,0
Inflow,6/7/12,0.47,0.0025,0.0071,0.87,1.66,0.77,26.23,20.7,8.59,0
Inflow,6/14/12,0.43,0.0025,0.375,0.06,2.39,-9999,48.5,34.16,3.43,0
Inflow,6/21/12,0.4,0.0025,0.005,0,1.48,-9999,46.75,38.41,0.41,0
Inflow,6/28/12,0.44,0.0025,0.0104,0,1.92,1.91,49.21,40.95,0.63,0
Inflow,7/4/12,0.38,0.0025,0.005,0.01,1.5,1.49,47.09,41.57,0.47,0
Inflow,7/12/12,0.38,0.0025,0.005,0,1.56,1.55,44.26,40.26,0.65,0.25
Inflow,7/18/12,0.35,0.0025,0.005,0,1.56,1.56,47.28,41.66,0.51,0
Inflow,7/27/12,0.35,0.0025,0.005,0,1.64,1.63,47.61,40.66,0.65,13.46
Inflow,8/3/12,0.36,0.02,0.005,0,1.7,1.69,43.98,37.83,0.74,10.16
Inflow,8/9/12,0.42,0.0025,0.005,0.01,1.8,1.78,37.82,33.15,0.84,0
Inflow,8/16/12,0.37,0.0025,0.005,0,1.52,1.51,39.03,38.55,0.68,0
Inflow,8/22/12,0.46,0.0025,0.005,0,1.31,1.3,34.42,22.8,1.65,0
Inflow,8/30/12,0.49,0.0025,0.005,0,1.33,1.32,34.97,27.1,2.72,0
Inflow,9/5/12,0.46,0.0025,0.1123,0,1.92,1.81,28.64,750.48,34.46,0
Inflow,9/13/12,0.51,0.0025,0.005,0,1.42,1.41,41.17,34.92,0.6,0
Inflow,9/20/12,0.52,0.0025,0.005,0,1.63,1.63,45.22,37.9,0.48,0
Inflow,9/27/12,0.46,0.0025,0.005,0,1.51,1.51,51.39,50.87,0.13,0
Inflow,10/4/12,0.47,0.0025,0.005,0.01,1.52,1.51,38.72,27.75,0.64,0
Inflow,10/11/12,0.47,0.0025,0.224,0,1.83,1.6,57.01,52.85,0.31,0
Inflow,10/18/12,0.45,0.0025,0.0969,0.01,1.6,1.49,56.29,51.33,0.26,0
Inflow,10/25/12,0.4,0.0025,0.1242,0.03,1.8,-9999,58.92,51.36,0.5,0
Inflow,11/1/12,0.68,0.0025,0.005,1.47,2.38,0.91,22.3,14.04,6.23,0
Inflow,11/9/12,0.61,0.0025,0.0127,1.48,2.21,0.72,34.01,17.79,12.15,0
Inflow,11/21/12,0.56,0.0025,0.005,0.04,1.25,1.2,55.24,39.84,1.13,0
Inflow,11/29/12,0.54,0.0025,0.0262,0.03,1.97,1.92,55.24,41.41,0.49,0
Inflow,12/6/12,0.52,0.0025,0.0771,0.01,1.3,1.22,49.62,33.68,3.04,0
Inflow,12/15/12,0.56,0.0025,0.0467,0,1.6,1.55,52.85,39.7,0.45,0
Inflow,12/22/12,0.6,0.0025,0.039,0.02,0.97,0.91,43.33,35.97,0.56,0
Inflow,12/27/12,0.64,0.0025,0.043,0.02,1.51,1.45,42.77,34.9,0.7,0
Inflow,1/5/13,0.65,0.0025,0.042,0.02,1.37,1.31,44.87,31.87,0.42,182.37
Inflow,1/10/13,0.63,0.0025,0.03,0.02,0.97,0.92,44.02,33.72,0.54,159
Inflow,1/17/13,0.87,0.015,0.035,0.05,0.98,0.9,41.12,32.91,1.78,0.25
Inflow,1/24/13,0.88,0.0025,0.041,0.02,1.08,1.02,44.48,31.13,0.74,4.83
Inflow,3/7/13,1,0.0253,0.005,0.03,0.87,0.84,35.25,22.03,2.33,0
Inflow,3/15/13,0.97,0.0025,0.005,0.03,0.75,0.72,38.01,19.76,1.04,0
Inflow,3/20/13,0.95,0.0025,0.005,0.01,0.91,0.89,37.43,19.87,0.71,0
Inflow,3/28/13,0.92,0.0025,0.026,0.01,0.99,0.95,39.09,21.17,0.7,0
Inflow,4/5/13,0.91,0.0025,0.044,0.01,0.9,0.84,36.61,20.32,0.56,2.79
Inflow,4/11/13,0.87,0.0025,0.016,0.03,0.94,0.9,39.69,20.61,0.76,0
Inflow,4/18/13,0.85,0.0025,0.022,0.02,1.25,1.21,43.56,21.85,0.3,0
Inflow,4/26/13,0.92,0.0025,0.015,0.02,1.08,1.04,45.46,22.02,0.93,0
Inflow,5/2/13,0.91,0.0025,0.033,0.03,1.66,1.6,46.06,20.52,0.93,0
Inflow,5/9/13,0.88,0.0025,0.015,0.04,1.32,1.27,53.01,22.57,0.76,2.54
Inflow,5/15/13,0.84,0.0025,0.005,0.03,1.42,1.38,53.61,23.41,0.71,0
Inflow,5/23/13,0.82,0.0025,0.012,0.04,1.89,1.84,69.88,26.62,0.44,5.84
Inflow,5/29/13,0.78,0.0025,0.005,0.01,1.52,1.5,65.48,28.52,0.35,0
Inflow,6/5/13,0.74,0.0025,0.012,0.02,1.52,1.49,62.37,31.5,0.19,0
Inflow,6/14/13,0.85,0.026,0.455,0.05,1.65,1.14,32.79,12.85,3.76,0.25
Inflow,6/19/13,0.87,0.0025,0.005,0.01,1.49,1.47,50.21,22.82,0.5,0.76
Inflow,6/28/13,0.87,0.0025,0.168,0.03,1.72,1.52,58.18,25.43,0.28,16
Inflow,7/6/13,0.96,0.0025,0.074,1.99,2.89,0.82,26.97,12.83,11.97,0
Inflow,7/11/13,0.9,0.0025,0.015,0.87,1.75,0.86,32.85,14.54,8.72,14.73
Inflow,7/18/13,0.87,0.0025,0.054,0.04,1.54,1.44,59.25,28.2,1.57,0
Inflow,7/25/13,0.87,0.0025,0.215,0.02,1.9,1.66,64.23,22.8,0.35,0.25
Inflow,8/1/13,0.85,0.0025,0.012,0.02,1.84,1.81,76.04,21.01,0.61,5.33
Inflow,8/9/13,0.86,0.011,0.035,0.03,1.87,1.81,75.62,21.37,0.48,0
Inflow,8/16/13,1.02,0.0025,0.026,0.1,0.92,0.8,27.58,11.82,7.26,2.29
Inflow,8/23/13,1.09,0.0025,0.005,0.04,1.38,1.34,33.83,9.17,4.13,23.62
Inflow,8/30/13,1.01,0.0025,0.0152,0.03,1.24,1.2,40.27,11.68,5,0
Inflow,9/6/13,0.96,0.0025,0.0342,0.02,1.91,1.85,65.37,13.87,1.21,0
Inflow,9/12/13,0.9,0.0025,0.034,0.05,2.04,1.96,72.07,14.86,1.1,0
Inflow,9/19/13,0.86,0.0358,0.0328,0,1.94,1.9,72.22,15.71,1.03,0
Inflow,9/27/13,0.83,0.0108,0.0308,0.01,1.86,1.83,72.09,17.13,0.82,0
Inflow,10/3/13,0.78,0.0118,0.0415,0.03,2.02,1.94,76.2,19.23,0.82,0
Inflow,10/11/13,1.15,0.0025,0.005,0.07,0.87,0.8,20.89,9.19,4.63,1.02
Inflow,10/25/13,1.03,0.0025,0.0538,0.01,1.64,1.57,56.43,15.35,1.15,0
Inflow,11/1/13,0.96,0.0107,0.0711,0.05,2,1.88,73.77,22.62,0.96,9.91
Inflow,11/8/13,0.97,0.0025,0.0335,0.05,2.07,1.99,80.51,23.73,0.72,0
Inflow,11/17/13,0.92,0.0025,0.0422,0.01,1.85,1.8,75.47,23.64,0.62,0.76
Inflow,11/23/13,0.9,0.0025,0.0383,0.05,1.95,1.87,75.81,22.94,1.63,1.02
Inflow,11/29/13,1.03,0.0025,0.005,1.23,2.29,1.05,25.39,13.99,8.66,0
Inflow,12/4/13,0.99,0.0025,0.012,1.26,2.09,0.82,26.22,15.2,10.54,1.27
Inflow,12/14/13,1.02,0.0025,0.0201,0.04,1.27,1.21,48.82,16.75,2.85,22.61
Inflow,12/19/13,1.05,0.0025,0.0101,0.64,1.27,0.62,21.3,9.61,9.79,0
Inflow,1/3/14,1.06,0.0025,0.026,0.08,0.94,0.83,35.69,14.17,0.36,0
Inflow,1/8/14,1.02,0.0025,0.0145,0.05,1.07,1.01,41.81,14.78,0.29,0
Inflow,1/15/14,1.13,0.0025,0.0126,0.17,0.7,0.52,17.23,5.24,2.87,0.25
Inflow,2/7/14,1.08,0.0025,0.005,0.36,0.85,0.49,16.33,12.58,7.82,0
Midpoint,2/27/07,0.59,0.0025,0.005,0.01,0.38,0.37,28.13,-9999,-9999,0
Midpoint,3/6/07,0.81,0.0051,0.005,0,1.87,1.87,37.13,-9999,-9999,0
Midpoint,3/13/07,0.76,0.0079,0.005,0.01,2.4,2.39,47.51,-9999,-9999,0.25
Midpoint,3/20/07,0.72,0.0102,0.005,0,1.31,1.3,50.24,-9999,-9999,0
Midpoint,3/27/07,0.69,0.0244,0.005,0,1.37,1.37,52.99,-9999,-9999,0
Midpoint,4/3/07,0.67,0.0217,0.005,0,1.68,1.67,61.02,-9999,-9999,0
Midpoint,4/11/07,0.65,0.049,0.005,0,1.48,1.48,54.93,-9999,-9999,0
Midpoint,4/17/07,0.86,0.001,0.061,0,1.4,1.34,47.84,-9999,-9999,1.78
Midpoint,4/24/07,0.78,0.0014,0.0147,0.01,1.18,1.16,43.95,-9999,-9999,0
Midpoint,5/1/07,0.71,0.0042,0.0277,0.01,1.56,1.53,57.18,-9999,-9999,0
Midpoint,5/8/07,0.7,0.0022,0.0901,0.01,1.51,1.42,59.99,-9999,-9999,0.51
Midpoint,5/15/07,0.72,0.0288,0.128,0,1.65,1.53,57.81,-9999,-9999,0
Midpoint,5/22/07,0.72,0.0146,0.0762,0,1.54,1.46,56.69,-9999,-9999,0
Midpoint,5/30/07,0.65,0.0114,0.0447,0,1.88,1.84,64.15,-9999,-9999,0
Midpoint,6/5/07,0.71,-9999,-9999,0,1.87,1.87,66.17,-9999,-9999,1.02
Midpoint,6/19/07,0.66,0.0445,0.333,0.01,2.19,1.85,77.34,13.44,0.99,1.52
Midpoint,7/3/07,0.6,0.037,0.39,0.01,2.64,2.24,87.97,20.28,1.02,0
Midpoint,7/10/07,0.58,0.035,0.122,0,2.28,2.15,85.93,22.29,1.3,0
Midpoint,7/17/07,0.58,0.04,0.119,0.01,2.51,2.39,90.23,0.03,0.06,0
Midpoint,7/25/07,0.56,0.0025,0.001,0,2.28,2.27,74.89,66.58,1.67,0
Midpoint,7/31/07,0.56,0.129,-9999,0,-9999,-9999,-9999,62.88,-9999,8.89
Midpoint,8/6/07,0.54,0.0826,-9999,0,-9999,-9999,-9999,87.75,-9999,1.27
Midpoint,8/22/07,0.57,0.036,0.906,0.01,1.9,0.98,30.47,387.36,22.05,22.1
Midpoint,8/30/07,0.54,0.0346,1.3,0.01,2.75,1.44,45.51,490.77,24.37,0
Midpoint,9/5/07,0.52,0.0042,1.97,0.02,3.9,1.91,58.06,587.72,28.38,0
Midpoint,9/12/07,0.53,0.0064,2.72,0.05,3.92,1.14,43.65,679.51,41.57,0
Midpoint,9/18/07,0.55,0.0034,-9999,0.06,-9999,-9999,-9999,701,-9999,0
Midpoint,9/25/07,0.56,0.0271,3.31,0.05,3.83,0.47,21.09,756.64,54.12,0
Midpoint,10/3/07,0.53,0.0039,3.49,0.01,4.32,0.82,28.45,912.43,59.46,0
Midpoint,10/10/07,0.57,0.0028,3.96,0.05,5.17,1.16,45.45,1101.76,74.62,0
Midpoint,10/17/07,0.57,-9999,3.49,0.04,4.59,1.06,20.05,1215.07,93.33,0
Midpoint,10/24/07,0.55,0.0502,3.4,0.04,4.37,0.93,21.41,1280.34,99.61,0
Midpoint,11/1/07,0.55,0.0155,4.83,0.09,-9999,-9999,-9999,755.93,62.77,0
Midpoint,11/7/07,0.54,0.004,5.02,0.03,6.03,0.98,16.95,1101.15,68.38,0
Midpoint,11/14/07,0.52,0.0042,5.48,0.03,6.13,0.62,12.31,1024.97,63.42,0
Midpoint,11/20/07,0.53,0.0047,5.05,0.04,6.54,1.45,14.96,1002.1,58.86,0
Midpoint,11/29/07,0.51,0.0041,5.28,0.04,5.9,0.58,10.67,759.06,54.38,0
Midpoint,12/6/07,0.49,0.0025,0.289,0.04,-9999,-9999,-9999,986.22,55.58,0
Midpoint,12/13/07,0.46,0.0033,5.21,0.06,6.32,1.04,9.71,1022,64.81,0
Midpoint,12/23/07,0.52,0.0026,3.54,0.08,5.07,1.45,13.13,841.24,46.99,0
Midpoint,12/28/07,0.55,0.0025,3.15,0.11,3.8,0.54,10.71,782.71,44.41,0
Midpoint,1/4/08,0.52,0.0025,2.38,0.06,3.04,0.6,8.3,833.03,41.87,0
Midpoint,1/9/08,0.51,0.0027,2.41,0.1,3.08,0.58,9.89,873.62,45.08,0
Midpoint,1/16/08,0.52,0.0026,1.89,0.06,2.52,0.57,8.44,834.49,42.11,0
Midpoint,1/24/08,0.57,0.0034,0.838,0.22,1.59,0.53,12.13,606.72,30.29,2.79
Midpoint,1/31/08,0.55,0.0031,0.864,0.1,1.36,0.4,8.72,717.33,33.46,0.25
Midpoint,2/7/08,0.55,0.0047,0.433,0.08,1,0.49,9.58,693.68,32.47,0
Midpoint,2/14/08,0.6,-9999,-9999,0.09,0.76,0.67,9.7,639.73,29.95,34.29
Midpoint,2/21/08,0.64,0.0041,0.0151,-9999,0.59,0.58,11.8,-9999,-9999,0
Midpoint,2/28/08,0.69,0.0005,0.5,0.03,0.81,0.28,15.48,189,10.18,0
Midpoint,3/7/08,0.74,0.0122,0.0001,-9999,-9999,-9999,-9999,-9999,-9999,0
Midpoint,3/13/08,-9999,0.0061,0.0001,-9999,-9999,-9999,-9999,-9999,-9999,0
Midpoint,3/20/08,-9999,0.0117,0.0001,-9999,-9999,-9999,-9999,-9999,-9999,1.52
Midpoint,3/27/08,0.72,0.014,0.0001,-9999,-9999,-9999,-9999,-9999,-9999,0
Midpoint,4/2/08,0.71,0.0025,0.12,0.03,1.29,1.14,28.97,103.53,16.97,2.79
Midpoint,4/9/08,0.85,0.0025,0.0451,0.09,2.3,2.17,38.62,45.67,12.19,0.25
Midpoint,4/17/08,0.8,0.0025,0.061,0.24,2.06,1.75,31.9,47.86,21.5,0
Midpoint,4/24/08,0.88,0.0025,0.0538,0.04,2.07,1.98,35.06,32.8,9.09,0
Midpoint,5/1/08,0.87,0.005,0.0001,0.04,1.85,1.82,34.76,24.42,12.37,0
Midpoint,5/7/08,0.83,0.0118,0.176,0.03,1.85,1.64,44.36,28.32,12.64,0.25
Midpoint,5/15/08,0.81,0.0056,0.0761,0.03,1.59,1.48,41.38,36.11,17.36,0
Midpoint,5/22/08,0.79,0.0143,0.131,0.03,1.91,1.75,47.18,41.3,11.81,0.25
Midpoint,5/29/08,0.76,0.0025,0.103,0.04,1.65,1.51,41.79,43.4,10.77,11.18
Midpoint,6/5/08,0.71,0.0025,0.0054,0.03,1.66,1.62,41.59,50.92,10.52,0
Midpoint,6/12/08,0.63,0.0025,0.0025,0,2.01,2.01,48.69,55.22,9.16,0
Midpoint,6/19/08,0.58,0.0025,0.347,0.05,2.28,1.88,49.79,58.98,7.39,0
Midpoint,6/26/08,0.52,0.0025,0.584,0.05,2.74,2.11,50.62,44.09,15.39,0
Midpoint,7/3/08,0.45,0.0025,0.335,0.05,2.04,1.66,41.3,90.22,10.21,0
Midpoint,7/10/08,0.41,0.0025,1.19,0.05,2.5,1.26,32.04,127.44,10.27,12.19
Midpoint,7/17/08,0.36,0.0025,0.796,0.07,2.46,1.6,37.41,217.95,9.82,0
Midpoint,7/24/08,0.38,0.0025,2.42,0.06,3.99,1.52,46.44,71.68,5.21,9.65
Midpoint,7/31/08,0.35,0.0025,2.54,0.05,3.93,1.34,40.93,106.7,6.37,1.78
Midpoint,8/7/08,0.29,0.0025,2.92,0.07,4.62,1.63,40.77,129.39,5.97,0
Midpoint,8/14/08,0.3,0.0025,3.12,0.02,-9999,-9999,-9999,203.17,14.69,3.3
Midpoint,8/28/08,0.21,0.0025,1.28,0.08,2.22,0.86,18.65,62.97,23.61,23.62
Midpoint,9/4/08,0.24,0.0025,1.18,0.05,2.96,1.72,42,81.55,27.4,0
Midpoint,9/11/08,0.28,0.0025,1.39,0.06,1.97,0.52,15.99,453.44,17.52,1.78
Midpoint,9/18/08,0.25,0.0025,1.25,0.07,2.7,1.38,13.52,715.05,20.27,0
Midpoint,9/25/08,0.21,0.0025,1.97,0.11,3.28,1.2,9.92,518.54,16.94,0
Midpoint,10/2/08,0.24,0.0025,1.97,0.08,3.2,1.14,7.64,823.9,24.03,11.68
Midpoint,10/8/08,0.21,0.0025,2.85,0.09,4.22,1.28,8.51,1142.52,39.17,0
Midpoint,10/16/08,0.2,0.0025,2.55,0.09,3.69,1.06,6.67,1118.98,36.59,0
Midpoint,10/23/08,0.2,0.0025,2.22,0.08,2.76,0.46,5.02,1186.82,41.61,0
Midpoint,10/30/08,0.19,0.0025,2.19,0.09,2.28,-9999,4.69,1099.18,34.62,0
Midpoint,11/6/08,0.34,0.0025,-9999,-9999,2.96,2.96,6.89,-9999,-9999,28.96
Midpoint,11/14/08,0.34,0.0025,1.07,0.08,1.51,0.36,6.06,910.71,27.58,7.11
Midpoint,11/20/08,0.35,0.0025,0.783,0.08,1.16,0.3,5.69,923.05,29.61,0.25
Midpoint,11/26/08,0.34,0.0025,0.655,0.08,1.35,0.62,7.47,913.13,27.63,0
Midpoint,12/4/08,0.44,0.0025,1.09,0.35,1.9,0.46,14.9,575.18,28.24,0
Midpoint,12/10/08,0.45,0.0025,0.546,0.17,1.49,0.78,18.92,460.91,27.23,0.76
Midpoint,12/15/08,0.58,0.0025,-9999,0,0.44,0.44,13.47,463.43,17.75,0.51
Midpoint,12/25/08,0.56,0.0025,0.0976,0.05,1.32,1.16,29.83,189.43,14.38,2.54
Midpoint,1/3/09,0.55,0.0025,0.0027,0.09,0.79,0.69,14.04,877.56,36.25,0.25
Midpoint,1/8/09,0.58,0.0025,0.0025,0.1,0.66,0.55,14.28,455.15,17.71,0
Midpoint,1/15/09,0.61,0.0025,0.0338,0.06,0.94,0.85,22.1,276.5,14.79,0.25
Midpoint,1/23/09,0.61,0.0025,0.15,0,1.18,1.03,24.12,131.3,8.99,0
Midpoint,1/29/09,0.61,0.0025,0.005,0.05,1.14,1.08,28.7,137.06,8.96,0.25
Midpoint,2/5/09,0.59,0.0025,0.0025,0,1.02,1.01,27.66,131.82,8.17,0
Midpoint,2/12/09,0.59,0.0025,0.0025,0,1.05,1.04,32.82,115.13,8.43,0
Midpoint,2/18/09,0.58,0.0025,0.0165,0,1.32,1.3,33.05,116.78,7.9,8.64
Midpoint,2/26/09,0.57,0.0025,0.0025,0,1.35,1.34,34.43,122.15,8.47,0
Midpoint,3/5/09,0.66,0.0025,0.0025,0.05,1.13,1.08,34.25,57.25,10.02,0.25
Midpoint,3/12/09,0.63,0.0025,0.0025,0.05,1.26,1.21,38.58,45.19,12.05,0.25
Midpoint,3/19/09,0.69,0.0025,0.0025,0.05,1.42,1.37,37.6,53.11,6.8,0
Midpoint,3/25/09,0.69,0.0025,0.0025,0.04,1.25,1.2,34.17,93.74,3.76,0.25
Midpoint,4/2/09,0.74,0.0025,0.0025,0.04,1.16,1.11,39.01,23.9,5.6,2.79
Midpoint,4/8/09,0.73,0.0078,0.0025,0.04,1.59,1.55,41.21,61.75,4.13,0
Midpoint,4/16/09,0.72,0.0025,0.0025,0.04,1.43,1.39,41.29,37.73,6.95,0
Midpoint,4/22/09,0.71,0.0025,0.0399,0.01,1.62,1.57,42.22,59.94,3.4,0.51
Midpoint,4/30/09,0.68,0.0101,0.0411,0.02,1.81,1.76,46.48,51.96,3.96,0
Midpoint,5/7/09,0.74,0.0025,0.0214,0.01,1.51,1.48,39.28,57.74,2.31,22.1
Midpoint,5/14/09,0.71,0.0025,0.0283,0.02,1.65,1.6,41.5,60.38,2.09,0
Midpoint,5/21/09,0.79,0.0052,0.0018,0.01,-9999,-9999,26.56,55.39,1.09,0
Midpoint,5/28/09,0.75,0.0055,0.006,0.01,1.65,1.63,30.99,56.31,1.28,0
Midpoint,6/4/09,0.68,0.0088,0.0072,0.03,1.65,1.61,37.51,65.24,1.08,1.78
Midpoint,6/11/09,0.73,0.0034,0.0019,0.02,1.2,1.18,28.93,-9999,-9999,0
Midpoint,6/18/09,0.68,0.001,0.001,0.02,1.19,1.17,29.52,57.03,-9999,3.81
Midpoint,6/25/09,0.68,0.0012,0.0004,0,1.17,1.16,30.22,58.88,-9999,0.25
Midpoint,7/2/09,0.65,0.0013,0.0958,0.04,1.57,1.43,33.04,47.75,0.67,0.25
Midpoint,7/9/09,0.86,0.0049,0.0026,0.01,0.99,0.98,27.57,34.4,0.19,0.51
Midpoint,7/16/09,0.86,0.001,0.0005,0.01,0.99,0.98,26.33,24.16,0.6,0
Midpoint,7/23/09,0.9,0.0025,0.0025,0.01,0.92,0.91,25.86,14.16,0.58,3.81
Midpoint,7/30/09,0.85,0.0025,0.0106,0.01,1.05,1.03,26.4,14.12,2.73,0.25
Midpoint,8/7/09,0.92,0.0025,0.0077,0.02,1.14,1.11,34.67,16.31,3.33,1.02
Midpoint,8/13/09,0.9,0.0025,0.0255,0.01,1.27,1.23,35.48,16.53,4.85,9.65
Midpoint,8/20/09,0.84,0.0067,0.068,0.02,1.13,1.05,33.33,18.7,4.87,0.25
Midpoint,8/27/09,0.89,0.0064,0.0602,0.02,1.18,1.1,33.97,20.88,5.58,0
Midpoint,9/4/09,0.89,0.0065,0.0408,0.02,1.33,1.27,37.9,20.98,1.74,0
Midpoint,9/11/09,1.02,0.0064,0.0092,0.01,0.88,0.87,25.17,15.42,1.85,0.25
Midpoint,9/17/09,0.92,0.0065,0.015,0.02,1.15,1.12,30.18,16.32,3.99,0.51
Midpoint,9/24/09,0.9,0.0025,0.0091,0.01,1.21,1.18,32.53,19.63,7.47,0.25
Midpoint,10/1/09,0.87,0.0025,0.0606,0.03,1.33,1.23,33.59,20.28,6.02,0.25
Midpoint,10/8/09,0.85,0.0025,0.0608,0.02,1.26,1.18,30.63,21.6,6.2,0.25
Midpoint,10/15/09,0.84,0.0025,0.0724,0.07,1.69,1.55,36.17,23.94,4.33,7.37
Midpoint,10/22/09,0.85,0.0025,0.1421,0.01,1.84,1.69,38.45,24.08,5.37,0.51
Midpoint,10/29/09,0.73,0.0025,0.0665,0,2.02,1.95,45.91,25.5,3.58,0
Midpoint,11/5/09,0.79,0.0025,0.1261,0.01,1.82,1.69,40.68,22.72,4.17,0.25
Midpoint,11/19/09,1.15,0.0074,0.0025,0,0.96,0.96,19.67,8.61,4.33,0.25
Midpoint,11/25/09,1.04,0.0025,0.0151,0,1.03,1.01,20.02,9.99,2.18,0.51
Midpoint,12/3/09,0.95,0.0067,0.153,0,1.41,1.25,39.09,14.33,4.44,6.35
Midpoint,12/10/09,1.01,0.0025,0.1382,0.2,1.34,1,34.02,16.61,11.01,0.76
Midpoint,12/19/09,0.9,0.0025,0.2143,0.05,1.14,0.88,34.54,20.67,10.92,11.68
Midpoint,12/26/09,0.96,0.0025,0.0468,0.04,0.98,0.9,25.58,12.28,5.24,22.61
Midpoint,12/30/09,0.96,0.0025,0.0361,0.08,1.02,0.9,28.23,13.56,6.69,0
Midpoint,1/7/10,0.89,0.0025,0.0538,0.25,1.1,0.79,27.47,14.96,10.82,0.25
Midpoint,1/14/10,0.82,0.0025,0.0563,0.06,1.22,1.1,28.59,17.47,13.94,0.5
Midpoint,1/21/10,0.86,0.0025,0.0868,0.01,1.06,0.96,30.11,17.47,11.35,15.85
Midpoint,1/28/10,0.94,0.0025,0.0451,0.62,1.58,0.92,23.3,17.24,16.76,0.25
Midpoint,2/3/10,0.94,0.0025,0.04,0.4,1.27,0.83,21.83,16.12,15.59,2.52
Midpoint,2/11/10,0.98,0.0025,0.0138,0.45,0.92,0.46,16.65,12.29,12.43,0.25
Midpoint,2/17/10,0.87,0.0025,0.0212,0.28,0.78,0.48,19.91,13.03,12.87,0.25
Midpoint,2/25/10,0.83,0.0025,0.0602,0.01,0.92,0.85,28.26,14.5,9.07,4.03
Midpoint,3/3/10,0.86,0.0025,0.0336,0.01,1.1,1.05,37.79,14.62,7.28,13.59
Midpoint,3/10/10,0.84,0.0025,0.0312,0.24,1,0.73,26.04,14.43,11.91,1.76
Midpoint,3/18/10,0.84,0.0025,0.2457,0.12,1.26,0.9,26.72,13.16,9.06,0
Midpoint,3/25/10,0.79,0.0025,0.1192,0.01,1.29,1.16,32.72,16.35,4.33,0.25
Midpoint,4/1/10,0.8,0.0025,0.054,0.01,1.37,1.31,36.74,18.37,2.01,0.25
Midpoint,4/15/10,0.73,0.0025,0.0025,0.01,1.42,1.41,42.4,21.04,1.26,0
Midpoint,4/20/10,0.7,0.0025,0.0025,0,1.55,1.55,47.14,22.98,0.9,0
Midpoint,4/29/10,0.67,0.0077,0.0421,0,1.29,1.25,48.03,25.14,1.05,0.5
Midpoint,5/5/10,0.66,0.0156,0.0714,0.04,1.57,1.45,52.54,27.42,1.1,0.5
Midpoint,5/13/10,0.64,0.0042,0.034,0.03,1.83,1.76,53.12,28.15,0.89,25.92
Midpoint,5/19/10,0.66,0.0027,0.0282,0.03,1.79,1.74,47.93,26.79,0.74,0.75
Midpoint,5/27/10,0.72,0.0031,0.0449,0.06,1.63,1.53,37.35,18.9,0.65,0.25
Midpoint,6/3/10,0.67,0.0056,0.0854,0.02,1.57,1.46,42.47,20.39,0.76,0.25
Midpoint,6/10/10,0.65,0.0025,0.0932,0.03,1.7,1.58,44.28,23.8,0.51,0.3
Midpoint,6/16/10,0.59,0.0053,0.0396,0.1,1.53,1.39,46.88,21.69,0.51,6.49
Midpoint,6/24/10,0.52,0.008,0.0064,0.01,1.69,1.68,52.49,25.23,0.32,0
Midpoint,7/1/10,0.57,0.0025,0.0119,0.02,1.35,1.32,44.22,25.66,0.75,5.19
Midpoint,7/8/10,0.49,0.0073,0.0537,0.01,1.69,1.62,49.34,26.21,0.19,0
Midpoint,7/15/10,0.51,0.0087,0.0951,0.03,1.93,1.81,49.77,27.13,0.49,0
Midpoint,7/22/10,0.48,0.0137,0.0603,0.04,2.13,2.04,47.3,42.9,0.42,0
Midpoint,7/29/10,0.43,0.007,0.0042,0.02,1.59,1.56,45.45,44.11,0.46,2.7
Midpoint,8/4/10,0.4,0.0087,0.0267,0.03,1.82,1.76,47.52,50.29,0.44,0.3
Midpoint,8/12/10,0.44,0.0117,0.2794,0.03,2.23,1.93,45.48,59.87,1.32,10.98
Midpoint,8/19/10,0.48,0.0106,0.9639,0.02,2.76,1.78,42.76,142.92,4.24,0.5
Midpoint,8/26/10,0.48,0.0095,0.572,0.03,2.28,1.68,37.01,157.04,4.05,0
Midpoint,9/1/10,0.45,0.0058,0.3531,0.02,1.94,1.57,33.23,212.16,5.08,0.3
Midpoint,9/9/10,0.46,0.0028,0.3452,0.01,1.56,1.2,25.42,229.44,5.63,0
Midpoint,9/16/10,0.45,0.0027,0.6258,0.03,1.73,1.07,22.08,282.09,8.15,0
Midpoint,9/23/10,0.43,0.0025,0.7966,0.01,1.9,1.1,22.05,356.72,12.7,0.25
Midpoint,10/1/10,0.91,0.0078,0.7448,0.02,1.68,0.91,18.71,208.29,3.23,1.52
Midpoint,10/7/10,0.91,0.0326,0.0447,0.05,0.79,0.69,17.28,37.28,4.87,15.75
Midpoint,10/13/10,0.81,0.0158,0.2153,0.03,1.45,1.21,37.56,31.44,6.09,0
Midpoint,10/21/10,0.75,0.0138,0.0317,0.01,1.39,1.35,41.45,22.36,6.18,0
Midpoint,10/28/10,0.73,0.0094,0.0434,-9999,1.72,-9999,51.22,-9999,-9999,0.76
Midpoint,11/3/10,0.7,0.0093,0.0918,0.07,2.06,1.9,61.16,39.92,1.51,1.52
Midpoint,11/11/10,0.72,0.0074,0.0842,0.06,1.91,1.77,60.45,38.83,1.79,0
Midpoint,11/18/10,-9999,0.01,0.0728,0.06,1.92,1.79,59.94,34,4.19,0
Midpoint,11/26/10,-9999,0.0062,0.0804,0.06,1.99,1.85,60.79,38.05,2.09,2.29
Midpoint,12/2/10,-9999,0.0079,0.0582,0.06,1.83,1.71,59.8,40.4,1.54,0
Midpoint,12/9/10,-9999,0.0038,0.0581,0.05,2.22,2.11,60.1,43.27,1.24,0.51
Midpoint,12/15/10,0.68,0.0065,0.0843,0.03,1.64,1.53,56.77,46.65,7.99,0.51
Midpoint,12/23/10,0.7,0.0069,0.0767,0.04,1.61,1.49,49.7,39.52,1.26,0
Midpoint,12/30/10,0.7,0.006,0.0826,0.04,1.55,1.43,49.31,37.39,1.46,4.06
Midpoint,1/7/11,0.71,0.0048,0.0549,0.04,1.33,1.23,45.06,34.87,1.66,0.51
Midpoint,1/13/11,0.72,0.0025,0.0426,0.05,1.45,1.36,46.56,34.87,1.77,0
Midpoint,1/20/11,0.79,0.0112,0.0069,0,1.15,1.14,37.5,32.25,1.79,0.51
Midpoint,1/27/11,0.8,0.0033,0.0455,0.01,1.41,1.36,38.21,26.82,2,0.51
Midpoint,2/3/11,0.78,0.0043,0.0461,0.03,1.41,1.33,40.04,27.35,1.94,1.27
Midpoint,2/11/11,0.84,0.0031,0.0356,0.01,1,0.95,38,22.9,1.82,0
Midpoint,2/18/11,0.82,0.0022,0.0318,0.01,1.22,1.18,42.45,22.53,1.73,0
Midpoint,2/24/11,-9999,0.0059,0.0126,0,1.45,1.44,46.11,22.96,1.62,0
Midpoint,3/3/11,-9999,0.0057,0.0205,0.01,1.3,1.27,41.43,23.21,1.66,0
Midpoint,3/9/11,-9999,0.0052,0.0076,0.01,1.54,1.52,52.04,23.35,1.25,0
Midpoint,3/17/11,-9999,0.0025,0.0308,0.01,1.49,1.45,49.52,21.79,1.29,0
Midpoint,3/25/11,0.79,0.0098,0.0308,0.03,1.61,1.55,50.34,22.38,1.02,0
Midpoint,3/31/11,0.83,0.0025,0.0223,0.02,2.28,2.24,52.11,20.62,1.05,0
Midpoint,4/7/11,0.81,0.0054,0.0125,0.03,1.52,1.48,44.12,20.84,5.44,0
Midpoint,4/14/11,0.79,0.0097,0.0719,0.01,1.68,1.6,50,21.26,2.06,0
Midpoint,4/21/11,0.82,0.0025,0.1813,0.18,2.03,1.67,41.83,18.43,4.31,0
Midpoint,4/27/11,0.79,0.0108,0.4386,0.02,2.03,1.58,44.09,19.01,4.47,0
Midpoint,5/6/11,0.76,0.006,0.0559,0,1.76,1.7,44.08,19.95,2.91,0
Midpoint,5/11/11,0.73,0.0055,0.0293,0.02,1.89,1.84,53.37,22.33,1.47,0
Midpoint,5/19/11,0.69,0.0224,0.1565,0.01,2.1,1.94,57.16,24.67,7.67,0
Midpoint,5/26/11,0.68,0.0175,0.2928,0,1.64,1.35,51.64,26.74,1.01,0
Midpoint,6/2/11,0.61,0.0077,0.0025,0.01,1.46,1.45,49.3,26.83,5.46,0
Midpoint,6/9/11,0.55,0.0099,0.0025,0.01,1.62,1.61,51.05,28.04,3.87,0
Midpoint,6/15/11,0.49,0.0163,0.1798,0.01,1.73,1.55,50.02,32.77,7.29,0
Midpoint,6/23/11,0.45,0.0064,0.1997,0.01,1.94,1.74,52.06,37.85,1.67,0.25
Midpoint,6/30/11,0.46,0.0053,0.1924,0.01,2.04,1.84,68.42,36.08,3.2,0.25
Midpoint,7/7/11,0.49,0.0056,0.0587,0.01,1.24,1.17,33.12,148.72,7.05,0
Midpoint,7/14/11,0.48,0.0025,0.1313,0.01,1.05,0.91,25.84,263.61,1.56,0
Midpoint,7/21/11,0.45,0.0025,0.1319,-9999,0.99,0.86,21.14,-9999,-9999,0.25
Midpoint,7/28/11,0.5,0.0025,0.6751,-9999,1.38,0.71,16.02,-9999,-9999,0
Midpoint,8/4/11,0.49,0.0025,0.8372,0.02,1.36,0.51,12.15,717.94,41.21,0.51
Midpoint,8/11/11,0.51,0.0025,0.3494,0.02,0.93,0.56,11.46,687.23,34.39,0
Midpoint,8/18/11,0.51,0.0025,0.5532,0.02,1.05,0.47,11.55,814.46,37.87,0
Midpoint,8/24/11,0.51,0.0025,0.9464,0.02,1.36,0.4,10.58,783.8,37.51,0
Midpoint,9/1/11,0.94,0.0093,0.0102,0.02,0.84,0.81,18.75,196.23,13.71,0
Midpoint,9/8/11,0.8,0.016,0.0123,0.02,0.91,0.88,23.12,209.33,9.53,0.76
Midpoint,9/13/11,0.79,0.005,0.0149,0.02,1.43,1.4,42.31,149.9,13.03,0
Midpoint,9/14/11,0.78,0.005,0.0301,0.02,0.99,0.95,23.59,124.02,4.53,0.25
Midpoint,9/21/11,0.79,0.0235,0.0338,0.02,0.93,0.89,23.74,43.69,2.78,11.18
Midpoint,9/29/11,0.99,0.0204,0.0346,0.02,0.96,0.91,26.78,42.43,2.97,0
Midpoint,10/5/11,0.93,0.0243,0.0724,0.02,1.23,1.15,35.2,65.04,2.38,12.7
Midpoint,10/20/11,0.84,0.0145,0.0335,0.02,1.38,1.34,43.06,74.5,4.3,0
Midpoint,10/27/11,0.8,0.0114,0.0363,0,1.41,1.37,40.52,53.22,1.4,0
Midpoint,11/2/11,0.78,0.0082,0.0289,0,1.17,1.14,39.32,54.55,1.75,0
Midpoint,11/10/11,0.78,0.0139,0.0665,0,1.47,1.41,40.45,53,1.28,0
Midpoint,11/16/11,0.75,0.0181,0.1239,0,1.5,1.37,44.03,56.34,1.1,1.27
Midpoint,11/26/11,0.74,0.0182,0.1509,0,1.65,1.49,44.49,60.24,0.99,0
Midpoint,12/1/11,0.75,0.0113,0.1032,0,1.31,1.2,38.34,58.87,0.8,0
Midpoint,12/7/11,0.73,0.012,0.1629,0,1.28,1.11,38.46,59.73,0.99,4.06
Midpoint,12/19/11,0.71,0.0103,0.1067,0.01,1.31,1.19,37.67,61.24,1.13,0
Midpoint,12/28/11,0.7,0.0114,0.1557,0,1.38,1.22,39.94,63.93,0.81,0
Midpoint,1/4/12,0.69,0.009,0.0756,0,1.21,1.13,37.62,67.26,1.04,0
Midpoint,1/12/12,0.67,0.0082,0.1382,0.01,1.51,1.36,37.25,64.28,1.11,0.25
Midpoint,1/19/12,0.67,0.0025,0.0801,0.01,1.22,1.13,37.29,67.57,1.49,0
Midpoint,1/26/12,0.69,0.0025,0.0886,0.01,0.77,0.68,33.38,61.47,1.53,0
Midpoint,2/9/12,0.71,0.0025,0.0578,0.01,0.7,0.63,29.74,40.01,1.24,0
Midpoint,2/15/12,0.71,0.0025,0.0588,0.01,0.91,0.84,32.64,35.01,0.97,0
Midpoint,2/23/12,0.91,0.0025,0.0396,0.01,0.78,0.74,30.25,34.47,1.49,2.79
Midpoint,3/1/12,0.89,0.0044,0.046,0.01,0.94,0.89,32.63,29.9,1.33,0
Midpoint,3/8/12,0.79,0.0025,0.0025,0.01,0.96,0.95,30.38,30.99,3.19,0
Midpoint,3/15/12,0.77,0.0025,0.0118,0,1.01,1,28.38,34.55,7.56,0
Midpoint,3/22/12,0.74,0.0025,0.0025,0,1.21,1.2,37.41,35.12,3.76,0.25
Midpoint,3/29/12,0.67,0.0025,0.0025,0,1.15,1.14,35.11,30.86,1.38,0
Midpoint,4/4/12,0.66,0.0025,0.0167,0,1.2,1.18,35.23,32.76,1.19,4.83
Midpoint,4/12/12,0.63,0.0025,0.0112,0,1.19,1.18,36.63,32.69,1.08,0
Midpoint,4/18/12,0.61,0.0025,0.0025,0,1.38,1.38,43.42,35.69,0.65,7.37
Midpoint,4/28/12,0.63,0.0025,0.0025,0,1.13,1.13,35.46,27.55,0.68,0
Midpoint,5/3/12,0.62,0.0025,0.0113,0.03,1.23,1.18,40.47,35.62,0.53,0
Midpoint,5/10/12,0.57,0.0025,0.0168,0.01,1.22,1.2,37.18,41.28,0.81,0
Midpoint,5/17/12,0.53,0.0025,0.0137,0.01,1.14,1.12,34.12,44.62,0.85,0.25
Midpoint,5/25/12,0.49,0.0157,0.2543,0.01,1.02,0.76,35.8,48.35,1.11,0.25
Midpoint,5/31/12,0.68,0.0167,0.3977,0.01,0.8,0.4,28.2,35.19,1.27,0
Midpoint,6/7/12,0.74,0.0102,0.03,0.01,0.85,0.82,29.18,23.84,2,0
Midpoint,6/14/12,0.72,0.0025,0.0773,0,-9999,-9999,-9999,24.24,2.58,0
Midpoint,6/21/12,0.69,0.0025,0.114,0,-9999,-9999,-9999,27.44,1.71,0
Midpoint,6/28/12,0.72,0.0025,0.0944,0,1.35,1.25,30.45,31.12,2.37,0
Midpoint,7/4/12,0.68,0.0025,0.005,0.02,1.24,1.21,35.94,29.24,1.19,0
Midpoint,7/12/12,0.68,0.0025,0.005,0.01,1.49,1.47,38.02,49.23,1.79,0.25
Midpoint,7/18/12,0.66,0.0025,0.005,0,1.35,1.34,35.5,66,0.98,0
Midpoint,7/27/12,0.66,0.0025,0.005,0,1.6,1.59,39.49,57.96,1.1,13.46
Midpoint,8/3/12,0.67,0.0025,0.005,0.01,1.49,1.48,36.16,140.89,5.68,10.16
Midpoint,8/9/12,0.71,0.0025,0.005,0,1.38,1.37,31.43,160.15,6.6,0
Midpoint,8/16/12,0.68,0.0025,0.005,0,1.36,1.35,33.6,122.16,2.94,0
Midpoint,8/22/12,0.73,0.0025,0.005,0.01,1.08,1.07,31.95,111.32,2.18,0
Midpoint,8/30/12,0.76,0.0025,0.005,0.01,1.3,1.29,29.04,108.58,2.56,0
Midpoint,9/5/12,0.74,0.0025,0.0944,0,1.39,1.29,30.65,114.66,1.73,0
Midpoint,9/13/12,0.77,0.0025,0.005,0,1.08,1.07,25.73,81.52,1.24,0
Midpoint,9/20/12,0.78,0.0025,0.005,0,1.14,1.13,29.11,40.81,0.66,0
Midpoint,9/27/12,0.74,0.0025,0.005,0,1.32,1.31,30.02,34.48,0.38,0
Midpoint,10/4/12,0.74,0.0025,0.005,0.01,1.25,1.24,31.47,33.37,0.2,0
Midpoint,10/11/12,0.74,0.0025,0.0148,0.01,1.44,1.42,34.35,37.25,0.41,0
Midpoint,10/18/12,0.72,0.0025,0.005,0,1.51,1.51,34.35,40.35,0.44,0
Midpoint,11/1/12,0.89,0.0025,0.005,0.46,1.34,0.88,24.8,22.91,3.01,0
Midpoint,11/9/12,0.84,0.0025,0.0278,0.06,1.39,1.31,28.9,19.51,1.32,0
Midpoint,11/21/12,0.81,0.0025,0.0135,0.05,1.12,1.06,36.54,21.05,6.44,0
Midpoint,11/29/12,0.79,0.0025,0.0304,0.03,1.15,1.09,38.46,27.32,4.28,0
Midpoint,12/6/12,0.78,0.0025,0.0458,0.01,1.06,1,42.18,33.74,3.14,0
Midpoint,12/15/12,0.8,0.0025,0.0239,0,1.59,1.56,41.39,34.73,2.07,0
Midpoint,12/22/12,0.83,0.0025,0.026,0.02,1.23,1.19,37.4,29.8,1.42,0
Midpoint,12/27/12,0.86,0.0025,0.026,0.02,1.12,1.07,35.44,28.14,1.2,0
Midpoint,1/4/13,0.87,0.0025,0.023,0.02,0.93,0.88,33.59,26.28,1.42,182.37
Midpoint,1/10/13,0.85,0.0025,0.015,0.02,0.94,0.9,34.55,26.56,1.72,159
Midpoint,1/17/13,1.02,0.015,0.02,0.03,1.19,1.15,35.88,36.63,1.61,0.25
Midpoint,1/24/13,1.03,0.0025,0.0025,0.02,0.92,0.9,33.65,28.69,1.13,4.83
Midpoint,3/7/13,1.11,0.0025,0.0025,0.03,0.74,0.71,26.11,15.08,4.28,0
Midpoint,3/15/13,1.09,0.0025,0.0025,0.05,0.9,0.85,28.95,17.1,4.91,0
Midpoint,3/20/13,1.08,0.0025,0.0025,0.03,0.83,0.8,31.66,17.6,3.79,0
Midpoint,3/28/13,1.05,0.0025,0.0025,0.04,0.85,0.81,30.38,17.71,3.51,0
Midpoint,4/5/13,1.04,0.0025,0.013,0.01,1.01,0.99,32.23,22.44,4.02,2.79
Midpoint,4/11/13,1.02,0.0025,0.0025,0.01,1.2,1.18,33.6,18.62,2.64,0
Midpoint,4/18/13,1,0.0025,0.0025,0.03,1.11,1.08,37.93,20.46,1.71,0
Midpoint,4/26/13,1.06,0.0025,0.0025,0.02,1.19,1.17,35.37,18.06,1.1,0
Midpoint,5/2/13,1.05,0.0025,0.0025,0.03,1.19,1.16,34.96,18.99,1.78,0
Midpoint,5/9/13,1.03,0.0025,0.0025,0.02,1.13,1.1,37.22,20.26,3.18,2.54
Midpoint,5/15/13,1,0.0025,0.022,0.04,1.42,1.36,38.42,21.52,2.27,0
Midpoint,5/23/13,0.98,0.0025,0.018,0.02,1.28,1.24,44.53,22.78,1.2,5.84
Midpoint,5/29/13,0.96,0.0025,0.011,0.03,1.69,1.65,43.35,25.36,1.11,0
Midpoint,6/5/13,0.93,0.0025,0.0025,0.07,1.34,1.27,43.49,28.72,0.88,0
Midpoint,6/14/13,1,0.0025,0.0025,0.03,1.17,1.14,40.08,19.44,0.67,0.25
Midpoint,6/19/13,1.02,0.0025,0.0025,0.03,1.07,1.03,34.62,18.37,0.71,0.76
Midpoint,6/28/13,1.02,0.0025,0.0025,0.03,1.2,1.17,36.3,17.43,0.66,16
Midpoint,7/6/13,1.08,0.0025,0.0025,0.03,1.19,1.15,35.73,16.16,1.07,0
Midpoint,7/11/13,1.04,0.0025,0.0025,0.02,0.97,0.95,33.91,15.39,2.45,14.73
Midpoint,7/18/13,1.02,0.0025,0.0025,0.01,1.03,1.01,35.61,16.34,2.93,0
Midpoint,7/25/13,1.02,0.0025,0.0025,0.01,1.41,1.4,40.86,18.4,1.7,0.25
Midpoint,8/1/13,1,0.0025,0.019,0.02,1.25,1.21,47.41,20.83,1.6,5.33
Midpoint,8/9/13,1.01,0.011,0.127,0.01,1.47,1.33,45.35,21.18,0.98,0
Midpoint,8/16/13,1.12,0.0025,0.035,0.03,1.05,0.99,38.85,14.63,0.9,2.29
Midpoint,8/23/13,1.17,0.0025,0.033,0.03,0.88,0.82,32.98,11.52,2.83,23.62
Midpoint,8/30/13,1.12,0.0025,0.0125,0.04,1.01,0.96,34.43,11.6,3.94,0
Midpoint,9/6/13,1.08,0.0025,0.0177,0,1.15,1.13,34.12,11.89,3.14,0
Midpoint,9/12/13,1.04,0.0025,0.0995,0.02,1.45,1.33,41.44,14.25,2.13,0
Midpoint,9/19/13,1.01,0.0358,0.0329,0.01,1.43,1.4,45.92,15.54,1.66,0
Midpoint,9/27/13,0.99,0.0025,0.0568,0.01,1.41,1.35,45.77,16.6,1.53,0
Midpoint,10/3/13,0.96,0.0025,0.126,0.01,1.58,1.44,48.64,17.95,1.06,0
Midpoint,10/11/13,1.21,0.0213,0.178,0.03,1.2,0.99,32.65,10.86,1.07,1.02
Midpoint,10/25/13,1.13,0.0025,0.0292,0,1.16,1.13,35.82,12.79,3.29,0
Midpoint,11/1/13,1.08,0.0025,0.0376,0.06,1.25,1.15,39.22,15.42,3.06,9.91
Midpoint,11/8/13,1.09,0.0025,0.0259,0.05,1.38,1.3,45.61,17.36,1.66,0
Midpoint,11/17/13,1.06,0.0025,0.0309,0.01,1.38,1.34,50.46,20.45,1.74,0.76
Midpoint,11/23/13,1.04,0.0025,0.0391,0.06,1.54,1.44,55.6,21.27,1.56,1.02
Midpoint,11/29/13,1.13,0.0025,0.0223,0.02,1.4,1.36,51.37,18.96,1.62,0
Midpoint,12/4/13,1.1,0.0025,0.0353,0.25,1.27,0.99,31.65,15.07,6.44,1.27
Midpoint,12/14/13,1.12,0.0025,0.0317,0.06,1.02,0.93,29.74,15.23,7.41,22.61
Midpoint,12/19/13,1.14,0.0025,0.0275,0.14,0.96,0.79,26.49,14.34,8.33,0
Midpoint,1/3/14,1.15,0.0025,0.0307,0.05,0.56,0.47,15.96,9.04,2.46,0
Midpoint,1/8/14,1.12,0.0025,0.0292,0.15,0.73,0.55,22.32,12.27,2.64,0
Midpoint,1/15/14,1.2,0.0025,0.0151,0.1,0.72,0.61,22.15,9.58,2.15,0.25
Midpoint,2/7/14,1.17,0.0025,0.0025,0.11,0.63,0.52,22.3,9.84,2.05,0
Outflow,2/27/07,-0.62,0.005,0.005,0,0.52,0.51,38.11,10.39,-9999,0
Outflow,3/6/07,0.2,0.012,0.219,0,0.41,0.19,26.95,-9999,-9999,0
Outflow,3/13/07,0.1,0.0026,0.005,0,0.62,0.62,26.39,-9999,-9999,0.25
Outflow,3/20/07,0.04,0.0316,0.005,0,1.29,1.28,52.71,-9999,-9999,0
Outflow,3/27/07,-0.06,0.0208,0.001,0.01,1.75,1.74,61.57,-9999,-9999,0
Outflow,4/3/07,-0.03,0.015,0.214,0,2.43,2.21,63.97,-9999,-9999,0
Outflow,4/11/07,-0.08,0.0025,0.117,0.01,2.06,1.94,72.65,-9999,-9999,0
Outflow,4/17/07,0.25,0.0014,0.02,0,1.95,1.93,57.02,-9999,-9999,1.78
Outflow,4/24/07,0.18,0.0014,0.017,0,1.67,1.66,50.77,-9999,-9999,0
Outflow,5/1/07,0.1,0.0026,0.005,0,2.17,2.17,62.41,-9999,-9999,0
Outflow,5/8/07,0.02,0.0056,0.005,0,2.53,2.52,74.27,-9999,-9999,0.51
Outflow,5/15/07,0.09,0.0252,0.116,0,1.85,1.73,65.88,-9999,-9999,0
Outflow,5/22/07,0.1,0.03,0.122,0,1.88,1.76,61.82,-9999,-9999,0
Outflow,5/30/07,-0.06,0.0207,0.0705,0,1.91,1.84,59.21,-9999,-9999,0
Outflow,6/5/07,0.13,0.0114,0.019,0,1.95,1.93,56.59,-9999,-9999,1.02
Outflow,6/12/07,0.1,0.0391,0.0395,0,1.7,1.66,57.34,-9999,-9999,0
Outflow,6/19/07,0.1,0.017,0.06,0,1.45,1.39,58.09,96.44,12.01,1.52
Outflow,6/26/07,0.06,0.005,0.06,0,1.47,1.4,53.94,-9999,-9999,0
Outflow,7/3/07,-0.02,0.019,0.05,0,1.48,1.43,49.78,166.11,17.57,0
Outflow,7/10/07,0.03,0.02,0.05,0,1.23,1.18,42.06,310.07,36.8,0
Outflow,7/17/07,0.06,0.018,0.166,0,1.04,0.87,32.92,499.32,63.68,0
Outflow,7/25/07,-0.01,0.014,0.05,0,1.18,1.13,31.9,518.89,63.42,0
Outflow,7/31/07,-0.01,0.062,0.065,0,0.99,0.92,28.09,508.4,-9999,8.89
Outflow,8/6/07,0.02,0.0417,0.065,0,0.99,0.92,28.09,569.85,-9999,1.27
Outflow,8/13/07,0,0.0414,0.065,0,0.99,0.92,28.09,703,-9999,0
Outflow,8/22/07,0.05,0.005,0.08,0.01,0.79,0.71,24.27,745.83,114.89,22.1
Outflow,8/30/07,0,0.015,0.06,0,0.87,0.8,31.61,1020.03,118.74,0
Outflow,9/5/07,0.02,0.001,0.0561,0,0.74,0.69,29.18,1103.19,123.77,0
Outflow,9/12/07,0.07,0.005,0.045,0,0.72,0.67,25.64,1265.8,138.77,0
Outflow,9/18/07,-0.04,0.005,0.07,0,0.82,0.75,24.84,1277.47,141.23,0
Outflow,9/25/07,0.02,0.005,0.355,0.04,0.92,0.52,24.04,1344.58,137.61,0
Outflow,10/3/07,0.01,0.005,0.505,0.02,1.29,0.76,30.4,1392.37,168.1,0
Outflow,10/10/07,0.08,0.005,0.133,0.06,1.25,1.06,26.54,1764.93,190.87,0
Outflow,10/17/07,0.11,0.005,0.077,0.06,0.81,0.67,23.44,2003.58,212,0
Outflow,10/24/07,0.11,0.005,0.202,0,1.61,1.4,18.1,2400.57,206.38,0
Outflow,11/1/07,0.12,0.005,0.613,0.02,1.29,0.65,20.89,2396.59,203.48,0
Outflow,11/7/07,0.13,0.005,1.18,0.02,1.79,0.59,14.82,2405.9,143.09,0
Outflow,11/14/07,0.02,0.005,3.12,0.05,3.58,0.41,11.39,1875.65,117.65,0
Outflow,11/20/07,-0.06,0.005,3.14,0.02,4.05,0.89,13.34,1629.43,213.74,0
Outflow,11/29/07,-0.06,0.005,2.82,0.05,3.37,0.5,11.09,1663.48,126,0
Outflow,12/6/07,-0.14,0.005,0.301,0.03,3.5,3.17,11.4,1688.14,126.48,0
Outflow,12/13/07,-0.14,0.0048,3.05,0.07,3.72,0.6,11.83,1040.59,119.07,0
Outflow,12/23/07,-0.14,0.0042,2.65,0.06,3.79,1.08,15.15,1045.02,75.12,0
Outflow,12/28/07,0.01,0.0058,2.01,0.1,3.12,1.01,14.41,1051.35,109.41,0
Outflow,1/4/08,-0.14,0.0046,2.94,0.05,3.76,0.77,16.72,2001.53,181.79,0
Outflow,1/9/08,-0.18,0.005,2.73,0.05,4.04,1.26,14.2,1277.97,55.27,0
Outflow,1/16/08,-0.16,0.005,2.73,0.05,3.77,0.98,12.36,191.34,4.92,0
Outflow,1/24/08,-0.07,0.005,2.49,0.06,3.22,0.68,10.36,860.92,32.58,2.79
Outflow,1/31/08,0.04,0.005,3.27,0.07,3.96,0.63,10.42,1252.02,54.81,0.25
Outflow,2/7/08,-0.88,0.006,4.09,0,4.78,0.68,14.7,1093.53,25.94,0
Outflow,2/14/08,-0.8,0.0053,3.23,0.08,4.19,0.88,17.01,814.26,19.39,34.29
Outflow,2/21/08,0.21,0.005,3.24,-9999,3.71,0.47,11.24,1041.83,61.88,0
Outflow,2/28/08,0.24,0.005,1.72,0.09,1.92,0.11,10.28,732.6,48.6,0
Outflow,3/7/08,0.21,0.0054,0.454,0.05,3.71,3.2,-9999,446.83,23.17,0
Outflow,3/13/08,0.21,0.0044,0.0786,-9999,1.92,1.84,-9999,324.17,23.36,0
Outflow,3/20/08,0.28,0.0066,1.35,-9999,-9999,-9999,-9999,208.52,2.67,1.52
Outflow,3/27/08,0.18,0.005,0.769,-9999,-9999,-9999,-9999,449.36,24.01,0
Outflow,4/2/08,0.2,0.005,1.22,0.04,1.84,0.58,18.18,911.13,47.54,2.79
Outflow,4/9/08,0.36,0.0039,0.005,0,1.22,1.21,32.64,82.09,12.97,0.25
Outflow,4/17/08,0.27,0.016,0.119,0.05,2.61,2.44,39.93,95.41,15.2,0
Outflow,4/24/08,0.46,0.0192,0.445,0.04,2.5,2.01,34.1,152.89,15.53,0
Outflow,5/1/08,0.44,0.0335,0.314,0.03,2.61,2.26,43.33,97.41,16.41,0
Outflow,5/7/08,0.38,0.0268,0.614,0,2.75,2.13,50.8,51.82,11.28,0.25
Outflow,5/15/08,0.37,0.0426,1.23,0,3.55,2.32,58.71,76.84,15.65,0
Outflow,5/22/08,0.4,0.0341,1.47,0.04,3.73,2.21,49.87,548.78,62.03,0.25
Outflow,5/29/08,0.31,0.0417,1.68,0.04,3.81,2.1,51.74,330.65,31.21,11.18
Outflow,6/5/08,0.26,0.0196,1.32,0,3.61,2.29,49.33,314.17,21.76,0
Outflow,6/12/08,0.18,0.0025,1.45,0,3.64,2.19,44.79,331.22,24.89,0
Outflow,6/19/08,0.17,0.005,1.27,0.07,3.12,1.78,43,421.51,39.72,0
Outflow,6/26/08,0.23,0.005,0.959,0.06,2.21,1.2,31.49,1648.77,189.39,0
Outflow,7/3/08,0.2,0.0033,0.565,0.05,1.21,0.6,17.87,2612.81,316.17,0
Outflow,7/10/08,0.27,0.005,0.164,0.05,0.83,0.62,15.39,3630.11,501.37,12.19
Outflow,7/17/08,0.16,0.005,1.28,0.03,1.94,0.64,13.27,2802.2,306.6,0
Outflow,7/24/08,0.29,0.005,0.21,0.05,0.76,0.5,14.96,2305.97,310.69,9.65
Outflow,7/31/08,0.26,0.005,0.0752,0.05,0.7,0.58,15.41,3445.14,438.38,1.78
Outflow,8/7/08,0.25,0.005,0.557,0.05,1.36,0.75,18.25,2947.69,379.75,0
Outflow,8/14/08,0.24,0.005,1.08,0.12,-9999,-9999,-9999,3735.94,470.29,3.3
Outflow,8/22/08,-1.01,0.005,5.92,0.05,6.87,0.9,21.87,386.99,53.01,0
Outflow,8/28/08,-0.74,0.005,7.6,0.06,8.96,1.3,35.6,2067.33,146,23.62
Outflow,9/4/08,0.47,0.005,2.54,0.06,3.45,0.85,18.74,2845.61,320.69,0
Outflow,9/11/08,0.56,0.005,1.37,0.05,1.99,0.57,14.96,1079.92,117.64,1.78
Outflow,9/18/08,0.51,0.005,1.59,0.08,3.39,1.72,14.76,2942.07,338.38,0
Outflow,9/25/08,0.4,0.005,4.05,0.15,6.19,1.99,14.66,2234.77,164.48,0
Outflow,10/2/08,0.63,0.005,0.351,0.08,1.8,1.37,15.86,3340.12,430.32,11.68
Outflow,10/8/08,0.53,0.005,1.53,0.09,3.1,1.48,12.81,3462.93,386.54,0
Outflow,10/16/08,0.5,0.005,2.62,0.06,4.07,1.39,11.87,2600.5,237.47,0
Outflow,10/23/08,0.52,0.005,3.77,0.07,4.4,0.56,8.65,2510.36,209.09,0
Outflow,10/30/08,0.55,0.005,2.38,0.06,2.12,-9999,6.86,1320.32,114.75,0
Outflow,11/6/08,0.56,0.005,3.23,0.11,3.71,0.37,8.21,2309.26,217.06,28.96
Outflow,11/14/08,0.56,0.005,2.88,0.12,3.08,0.08,6.27,425.95,30.78,7.11
Outflow,11/20/08,0.5,0.005,1.52,0.07,3.41,1.83,7.85,1796.63,121.8,0.25
Outflow,11/26/08,0.46,0.005,3.69,0.07,4,0.24,6.92,1838.51,129.94,0
Outflow,12/4/08,0.54,0.005,2.68,0.12,3.24,0.43,7.89,-9999,-9999,0
Outflow,12/10/08,0.4,0.005,2.96,0.07,3.45,0.42,9.59,1157.29,148.28,0.76
Outflow,12/18/08,0.52,0.005,1.9,0.08,2.08,0.1,8.53,1035.76,32.72,0.51
Outflow,12/25/08,0.47,0.005,1.85,0.08,2.09,0.16,11.21,1827.66,62.33,2.54
Outflow,1/3/09,0.39,0.005,2.47,0.08,2.59,0.04,6.77,983.76,39.24,0.25
Outflow,1/8/09,0.47,0.005,1.95,0.09,2.39,0.35,11.46,789.92,36.11,0
Outflow,1/15/09,0.48,0.005,1.87,0.09,2.12,0.16,9.23,737.16,33.61,0.25
Outflow,1/23/09,0.46,0.005,1.45,0.03,1.92,0.45,8.76,644.73,23.6,0
Outflow,1/29/09,0.46,0.005,1.87,0.07,2.37,0.42,7.77,878.98,47.2,0.25
Outflow,2/5/09,0.4,0.005,1.43,0.01,1.8,0.36,7.48,753.08,26.79,0
Outflow,2/12/09,0.39,0.005,1.82,0.01,2.1,0.27,6.89,924.25,32.19,0
Outflow,2/18/09,0.34,0.005,1.79,0.02,2.12,0.31,6.48,1005.13,34.92,8.64
Outflow,2/26/09,0.34,0.005,1.95,0,2.11,0.16,4.82,1021.12,34.18,0
Outflow,3/5/09,0.49,0.0025,0.5,0.08,1.28,0.7,15.24,276.68,15.32,0.25
Outflow,3/12/09,0.49,0.0025,1.05,0.07,1.44,0.32,8.79,722.5,29.15,0.25
Outflow,3/19/09,0.55,0.0025,0.406,0.08,0.95,0.47,14.7,280.84,12.76,0
Outflow,3/25/09,0.5,0.0025,0.709,0.06,0.93,0.16,10.56,378.77,14.48,0.25
Outflow,4/2/09,0.67,0.0025,0.357,0.07,1.25,0.82,20.76,301.01,14.1,2.79
Outflow,4/8/09,0.65,0.0071,0.407,0.05,1.28,0.83,19.2,350.13,14.83,0
Outflow,4/16/09,0.6,0.0079,0.0199,0.04,0.73,0.67,15.81,264.8,9.38,0
Outflow,4/22/09,0.59,0.0028,0.0204,0.03,1.18,1.13,18.27,381.74,13.96,0.51
Outflow,4/30/09,0.45,0.0056,0.0266,0.03,1.29,1.24,23.2,375.2,10.78,0
Outflow,5/7/09,0.6,0.007,0.342,0.06,2.1,1.7,32.58,180.22,6.12,22.1
Outflow,5/14/09,0.5,0.0176,0.716,0.03,2.52,1.77,41.14,226.09,5.28,0
Outflow,5/21/09,0.59,0.007,0.466,0.02,1.8,1.31,24.83,132.99,4.35,0
Outflow,5/28/09,0.53,0.0173,0.4076,0.05,2.12,1.67,37.09,116.3,5.02,0
Outflow,6/4/09,0.55,0.0128,1.0137,0.02,2.51,1.48,33.95,314.44,11.62,1.78
Outflow,6/11/09,0.6,0.0123,1.8087,0.02,3.19,1.36,35.7,224.32,8.41,0
Outflow,6/18/09,0.62,0.0026,1.7046,0.01,3.27,1.55,41.51,377.96,15.52,3.81
Outflow,6/25/09,0.66,0.0035,1.5505,0.02,2.88,1.3,33.67,728.27,43.81,0.25
Outflow,7/2/09,0.67,0.0025,0.7156,0.01,1.93,1.21,28.87,579.44,73.59,0.25
Outflow,7/9/09,0.74,0.0025,0.1311,0.02,1.37,1.22,24.43,130.96,3.72,0.51
Outflow,7/16/09,0.74,0.007,0.005,0.05,1.36,1.3,30.6,44.48,1.89,0
Outflow,7/23/09,0.72,0.0025,0.0129,0.01,1.24,1.22,29.92,29.78,1.13,3.81
Outflow,7/30/09,0.67,0.0025,0.1313,0.01,1.34,1.2,32.38,41.09,2.32,0.25
Outflow,8/7/09,0.75,0.0025,0.0427,0.02,1.73,1.67,29.84,28.77,1.98,1.02
Outflow,8/13/09,0.68,0.0025,0.0156,0.08,1.4,1.3,35.41,30.53,2.29,9.65
Outflow,8/20/09,0.59,0.0067,0.0095,0.03,1.45,1.41,37.69,40.84,2.97,0.25
Outflow,8/27/09,0.58,0.0063,0.009,0.01,1.35,1.33,37.21,48.52,3.43,0
Outflow,9/4/09,0.56,0.0088,0.1165,0.02,1.78,1.65,44.97,65.63,2.19,0
Outflow,9/11/09,0.78,0.0184,0.0576,0.03,1.4,1.32,35.22,25.83,2.8,0.25
Outflow,9/17/09,0.74,0.0077,0.0119,0.05,1.31,1.25,32.12,21.48,3.5,0.51
Outflow,9/24/09,0.68,0.0053,0.0073,0.07,1.44,1.37,38.03,6.76,0.93,0.25
Outflow,10/1/09,0.7,0.014,0.007,0,1.33,1.32,37.62,29.14,2.14,0.25
Outflow,10/8/09,0.65,0.0025,0.1464,0.04,1.78,1.59,35.61,35.33,2.57,0.25
Outflow,10/15/09,0.55,0.0041,0.4809,0.06,2.12,1.58,38.66,51.24,2.72,7.37
Outflow,10/22/09,0.65,0.01,0.9784,0,3.02,2.04,46.37,102.41,2.89,0.51
Outflow,10/29/09,0.66,0.0205,0.431,0,2.6,2.16,49.72,43.14,3.42,0
Outflow,11/5/09,0.71,0.0253,0.481,0,2.78,2.3,49.55,61.07,2.74,0.25
Outflow,11/15/09,-9999,0.0078,0.1002,0.04,1.22,1.08,24.6,16.43,3.63,0.25
Outflow,11/19/09,1.18,0.0104,0.0921,0.1,1.06,0.87,17.09,9.98,3.13,0.25
Outflow,11/25/09,1.09,0.0139,0.0958,0,1.52,1.42,31.04,12.61,4.52,0.51
Outflow,12/3/09,1,0.013,0.2102,0.01,1.67,1.46,34.57,16.35,4.2,6.35
Outflow,12/10/09,0.95,0.011,0.1728,0,1.35,1.18,35.29,16.06,5.17,0.76
Outflow,12/19/09,0.91,0.0025,0.2148,0,1.21,1,32.51,19.38,7.84,11.68
Outflow,12/26/09,0.91,0.0025,0.0876,0.03,1.04,0.92,27.45,18.12,7.9,22.61
Outflow,12/30/09,0.91,0.0025,0.0968,0.1,1.16,0.96,29.05,18.55,9.64,0
Outflow,1/7/10,0.84,0.0025,0.0909,0.09,1.03,0.85,27.69,17.79,9.47,0.25
Outflow,1/14/10,0.76,0.0025,0.0666,0,1.02,0.95,25.05,17.37,9.99,0.5
Outflow,1/21/10,0.79,0.0025,0.1406,0.11,1.12,0.87,27.93,18.42,9.58,15.85
Outflow,1/28/10,0.9,0.0025,0.1444,0.23,1.18,0.81,24.9,17.62,12.72,0.25
Outflow,2/3/10,0.94,0.0025,0.0518,0.06,0.95,0.83,21.89,15.53,9.45,2.52
Outflow,2/11/10,0.93,0.0025,0.0358,0.22,1,0.74,19.49,15.97,11.17,0.25
Outflow,2/17/10,0.87,0.0025,0.0307,0.13,0.66,0.5,18.51,12.37,10.41,0.25
Outflow,2/25/10,0.82,0.0025,0.1087,0.03,0.84,0.7,23.97,15.58,9.58,4.03
Outflow,3/3/10,0.87,0.0025,0.0547,0.03,0.72,0.64,24.61,15.78,7.33,13.59
Outflow,3/10/10,0.83,0.0025,0.0643,0.02,1.04,0.96,38.35,14.9,8.46,1.76
Outflow,3/18/10,0.83,0.0025,0.2612,0.02,1.75,1.47,26.79,14.1,6.12,0
Outflow,3/25/10,0.76,0.0081,0.3564,0.02,1.82,1.45,31.01,16.5,4.97,0.25
Outflow,4/1/10,0.77,0.0025,0.2459,0.01,1.5,1.24,29.64,19.16,3.35,0.25
Outflow,4/8/10,0.72,0.016,0.1174,0.02,1.41,1.27,37.76,22.02,2.1,0
Outflow,4/15/10,0.65,0.0025,0.0457,0.02,1.47,1.4,38.78,25.98,1.9,0
Outflow,4/20/10,0.57,0.0025,0.1458,0.01,1.62,1.46,42.81,34.38,1.68,0
Outflow,4/29/10,0.6,0.022,0.7944,0.01,2.39,1.58,50.32,48.48,2.33,0.5
Outflow,5/5/10,0.59,0.0468,1.0331,0.11,2.34,1.2,42.61,45.65,2.42,0.5
Outflow,5/13/10,0.49,0.0217,1.075,0.04,3.27,2.16,55.46,62.71,3.01,25.92
Outflow,5/19/10,0.54,0.025,1.17,0.14,3.45,2.14,57.77,86.99,3.26,0.75
Outflow,5/27/10,0.66,0.0237,0.0996,0.15,1.52,1.27,33.08,20.93,1.19,0.25
Outflow,6/3/10,0.59,0.0191,0.1319,0.08,1.8,1.58,41.81,23.25,1.16,0.25
Outflow,6/10/10,0.55,0.0025,0.0227,0.09,1.52,1.41,45.71,30.97,1.78,0.3
Outflow,6/16/10,0.5,0.0097,0.1021,0.04,1.69,1.55,50.55,40.72,1.88,6.49
Outflow,6/24/10,0.49,0.0146,0.1598,0.02,1.91,1.73,54.42,57.46,3.02,0
Outflow,7/1/10,0.54,0.0081,0.1503,0.02,1.44,1.27,42.74,115.25,8.18,5.19
Outflow,7/8/10,0.41,0.0117,0.0086,0.01,1.88,1.86,49.02,97.31,4.97,0
Outflow,7/15/10,0.57,0.0071,0.1265,0.02,1.67,1.53,40.89,226.22,20.14,0
Outflow,7/22/10,0.53,0.0095,0.179,0.02,1.66,1.47,35.24,281.67,27.87,0
Outflow,7/29/10,0.45,0.0048,0.3595,0.01,1.78,1.4,33.7,293.78,26.83,2.7
Outflow,8/4/10,0.45,0.0041,0.1712,0.02,1.25,1.06,29.72,232.89,20.33,0.3
Outflow,8/12/10,0.56,0.0068,0.1204,0.04,1.37,1.21,26.97,407.79,42.34,10.98
Outflow,8/19/10,0.61,0.0045,0.148,0.02,1.05,0.88,25.58,459.05,50.87,0.5
Outflow,8/26/10,0.57,0.0042,0.0249,0.02,0.9,0.86,25.45,448.11,45.59,0
Outflow,9/1/10,0.53,0.0026,0.0256,0.05,1.21,1.13,25.57,565.81,48.26,0.3
Outflow,9/9/10,0.6,0.0025,0.0664,0.03,1.2,1.1,24.59,625.75,58.88,0
Outflow,9/16/10,0.6,0.0037,0.2514,0.05,1.51,1.2,23.55,679.63,60.14,0
Outflow,9/23/10,0.58,0.0027,0.0928,0.04,1.15,1.02,23.1,714.01,62.31,0.25
Outflow,10/1/10,1.12,0.0047,0.1624,0.05,0.87,0.66,16.73,742.17,89.89,1.52
Outflow,10/7/10,0.94,0.008,0.8674,0.03,1.46,-9999,14.14,327.77,26.05,15.75
Outflow,10/13/10,0.83,0.0102,0.0398,0.05,1.15,1.07,24.17,96.43,7.12,0
Outflow,10/21/10,0.73,0.0099,0.0801,0,1.58,1.49,37.9,47.56,6.42,0
Outflow,10/28/10,0.66,0.0101,0.1607,-9999,1.66,1.5,41.91,-9999,-9999,0.76
Outflow,11/3/10,0.54,0.0066,0.2949,0.09,2.02,1.64,50.2,108.52,4.53,1.52
Outflow,11/11/10,0.58,0.0075,0.436,0.06,2.23,1.73,52.54,82.77,2.52,0
Outflow,11/18/10,0.69,0.0053,0.4358,0.06,2.54,2.05,57.19,77.57,2.57,0
Outflow,11/26/10,0.57,0.0122,0.3027,0.06,2.38,2.01,57.02,65.14,2.94,2.29
Outflow,12/2/10,0.6,0.0134,0.4092,0.09,2.46,1.96,59.02,73,3.29,0
Outflow,12/9/10,0.5,0.0443,0.8605,0.06,3.13,2.21,55.89,81.35,3.02,0.51
Outflow,12/15/10,0.51,0.0025,0.0025,0.03,2.41,2.38,52.1,92.92,2.83,0.51
Outflow,12/23/10,0.52,0.0088,0.4447,0.03,1.65,1.17,45.78,75.18,2.54,0
Outflow,12/30/10,0.55,0.0076,0.3046,0.04,1.75,1.41,44.81,61.15,2.33,4.06
Outflow,1/7/11,0.55,0.0106,0.1485,0.04,1.52,1.33,41.7,55.07,2.75,0.51
Outflow,1/13/11,0.51,-9999,-9999,0.01,-9999,-9999,-9999,46.82,12.61,0
Outflow,1/20/11,0.65,0.0129,0.0826,0.01,1.24,1.15,34.69,46.82,12.61,0.51
Outflow,1/27/11,0.66,0.0033,0.0339,0.01,1.3,1.26,35.34,38.63,3.52,0.51
Outflow,2/3/11,0.64,0.0031,0.0371,0.01,1.28,1.23,38.18,40.18,3.78,1.27
Outflow,2/11/11,0.72,0.0045,0.0471,0.01,1.13,1.08,33.38,29.37,4.06,0
Outflow,2/18/11,0.68,0.0052,0.0472,0.02,1.16,1.09,36.12,32.13,4.03,0
Outflow,2/24/11,0.62,0.0052,0.0086,0.02,1.44,1.41,44.45,34.21,2.19,0
Outflow,3/3/11,0.63,0.0088,0.1602,0.02,1.86,1.68,49.76,41.74,2.4,0
Outflow,3/9/11,0.65,0.0052,0.0926,0.01,1.53,1.43,42.54,36.99,2.79,0
Outflow,3/17/11,0.71,0.009,0.1244,0.02,1.59,1.45,45.85,31.3,2.17,0
Outflow,3/25/11,0.68,0.0108,0.1199,0.03,1.57,1.42,45.68,31.41,1.95,0
Outflow,3/31/11,0.74,0.0106,0.0791,0.01,1.46,1.38,41.38,27.37,2.19,0
Outflow,4/7/11,0.74,0.0111,0.0342,0.02,1.57,1.52,46.25,25.42,2.02,0
Outflow,4/14/11,0.71,0.0179,0.0882,0.04,1.63,1.5,44.62,25.16,3.33,0
Outflow,4/21/11,0.76,0.019,0.1081,0.01,1.82,1.7,46.39,23.81,2.13,0
Outflow,4/27/11,0.7,0.0357,0.1331,0.03,2.01,1.84,47.96,22.6,2.18,0
Outflow,5/6/11,0.64,0.0124,0.0574,0.01,1.82,1.75,46.85,25.16,2.56,0
Outflow,5/11/11,0.57,0.0126,0.0203,0.04,2.12,2.05,51.22,27.88,2.07,0
Outflow,5/19/11,0.68,0.0111,0.0662,0,1.9,1.84,51.27,42.68,2.84,0
Outflow,5/26/11,0.65,0.0137,0.071,0.01,1.24,1.16,40.83,313.52,35.52,0
Outflow,6/2/11,0.52,0.0237,0.3534,0.05,1.88,1.48,46.17,201.39,18.4,0
Outflow,6/9/11,0.51,0.0119,0.167,0,1.49,1.32,44.4,224.39,19.31,0
Outflow,6/15/11,0.48,0.0065,0.1448,0,1.51,1.37,43.2,322,25.09,0
Outflow,6/23/11,0.55,0.0025,0.0269,0.01,1.49,1.46,40.86,449.19,38.93,0.25
Outflow,6/30/11,0.56,0.0091,0.009,0.01,0.92,0.9,25.94,1283.97,201.98,0.25
Outflow,7/7/11,0.6,0.0025,0.0411,0.02,0.96,0.91,24.31,1348.5,216.72,0
Outflow,7/14/11,0.55,0.0025,0.1186,0.02,0.89,0.75,19.4,1338.28,241.8,0
Outflow,7/21/11,0.58,0.0025,0.0106,0.03,0.77,0.73,20.96,1498.43,251.45,0.25
Outflow,7/28/11,0.57,0.0025,0.1704,-9999,1.05,0.87,21.23,-9999,-9999,0
Outflow,8/4/11,0.58,0.0025,0.0025,0.05,0.39,0.34,9.06,1633.26,202.93,0.51
Outflow,8/11/11,0.57,0.0059,0.0558,0.05,0.99,0.88,19.45,1688.96,204.78,0
Outflow,8/18/11,0.57,0.0025,0.0025,0.09,0.74,0.65,19.39,1846.31,227.34,0
Outflow,8/24/11,0.56,0.0025,0.0232,0.08,1,0.91,19.97,1857.87,225.02,0
Outflow,9/1/11,0.86,0.0025,0.0025,0.05,1.03,0.98,22.71,1139.47,129.82,0
Outflow,9/8/11,0.77,0.005,0.005,0.07,0.84,0.76,21.38,629.57,30.96,0.76
Outflow,9/14/11,0.73,0.005,0.0382,0.09,1.18,1.04,27.82,382.42,24.45,0
Outflow,9/21/11,0.73,0.0199,0.036,0.08,0.85,0.74,21.81,64.94,8.58,0.25
Outflow,9/29/11,0.91,0.005,0.0138,0.04,0.89,0.84,25.35,61.42,2.5,11.18
Outflow,10/5/11,0.86,0.0155,0.0321,0.03,1.1,1.04,30.25,62.89,2.38,0
Outflow,10/13/11,0.77,0.005,0.0154,0.04,1.21,1.16,36.11,592.57,1.78,12.7
Outflow,10/20/11,0.78,0.005,0.0586,0.02,1.32,1.24,37.34,81.1,4.44,0
Outflow,10/27/11,0.72,0.0085,0.0686,0.01,1.29,-9999,38.55,63.4,1.88,0
Outflow,11/2/11,0.69,0.0075,0.1132,0.01,1.4,-9999,37.89,94.99,2.74,0
Outflow,11/9/11,0.68,0.008,0.146,0.02,1.52,-9999,38.97,93.88,2.56,0
Outflow,11/16/11,0.63,0.0072,0.2396,0.02,1.65,-9999,41.3,113.14,2.41,1.27
Outflow,11/26/11,0.59,0.014,0.02,0,1.42,-9999,42.54,167.55,2.77,0
Outflow,12/1/11,0.61,0.0093,0.4041,0.01,1.82,-9999,41.24,183.32,3.94,0
Outflow,12/7/11,0.58,0.0085,0.4645,0.01,1.38,-9999,34.17,126.63,2.9,4.06
Outflow,12/19/11,0.52,0.0078,0.4358,0.02,1.49,-9999,37.54,170.2,3.97,0
Outflow,12/28/11,0.52,0.01,0.4955,0.01,1.59,-9999,40,181.07,4.32,0
Outflow,1/4/12,0.46,0.0084,0.3968,0.01,1.55,-9999,38.25,165.87,3.42,0
Outflow,1/12/12,0.48,0.0085,0.4093,0.02,1.41,-9999,32.57,189.81,5.64,0.25
Outflow,1/19/12,0.49,0.0025,0.4216,0.35,1.53,0.76,33.23,109.02,2.81,0
Outflow,1/26/12,0.56,0.0025,0.4773,0.21,1.45,0.76,32.46,68.22,1.54,0
Outflow,2/9/12,0.61,0.0025,0.1132,0.29,0.99,0.59,32.01,100.05,3.87,0
Outflow,2/15/12,0.62,0.0025,0.0329,0.22,1,0.75,33.07,80.73,4.06,0
Outflow,2/23/12,0.73,0.0025,0.0369,0.14,0.85,0.68,28.5,55.1,2.75,2.79
Outflow,3/1/12,0.72,0.0025,0.1274,0.11,1.31,1.07,35.83,45.2,1.71,0
Outflow,3/8/12,0.63,0.0025,0.0476,0.01,1.02,0.96,32.24,39.25,1.71,0
Outflow,3/15/12,0.6,0.0025,0.0853,0.02,1.15,1.05,31.83,37.52,3.22,0
Outflow,3/22/12,0.55,0.0164,0.1721,0,1.47,1.3,37.07,41.64,3.58,0.25
Outflow,3/29/12,0.57,0.0025,0.0025,0,1.22,1.22,38,41.78,1.83,0
Outflow,4/4/12,0.55,0.0069,0.0072,0.01,1.29,1.27,39.55,45.61,2.09,4.83
Outflow,4/12/12,0.52,0.0025,0.0419,0,1.42,1.37,40.55,47.26,2.2,0
Outflow,4/18/12,0.41,0.0025,0.2688,0.01,1.84,1.56,45.27,51.14,2.6,7.37
Outflow,4/25/12,0.46,0.0025,0.3631,0.01,1.81,1.44,44.71,64.64,2.61,0
Outflow,5/3/12,0.41,0.0025,0.1419,0.01,1.62,1.47,44.12,60.52,1.99,0
Outflow,5/10/12,0.44,0.0055,0.228,0.09,1.83,1.51,46.3,86.02,2.35,0
Outflow,5/17/12,0.45,0.0025,0.1276,0,1.7,1.57,44.34,131.09,3.32,0.25
Outflow,5/25/12,0.47,0.0137,0.0433,0,1.64,1.6,45.84,148.56,5.53,0.25
Outflow,5/31/12,0.61,0.0025,0.019,0.01,1.44,1.41,34.07,121.25,7.2,0
Outflow,6/7/12,0.56,0.0025,0.0084,0.01,1.11,1.09,37.37,35.91,1.34,0
Outflow,6/14/12,0.54,0.005,0.005,0,1.26,1.25,39.25,41.63,1.24,0
Outflow,6/21/12,0.5,0.005,0.005,0,1.34,1.33,35.39,76.71,2.34,0
Outflow,6/28/12,0.51,0.005,0.005,0.01,1.38,1.37,37.89,94.7,3.99,0
Outflow,7/4/12,0.47,0.005,0.005,0.01,1.46,1.45,39.44,152.49,7.09,0
Outflow,7/12/12,0.49,0.005,0.005,0.02,1.49,1.47,35.92,271.11,16.92,0.25
Outflow,7/18/12,0.45,0.005,0.005,0.01,1.46,1.45,37.57,287.2,18.73,0
Outflow,7/27/12,0.5,0.005,0.005,0.02,1.46,1.43,34.88,471.97,34.31,13.46
Outflow,8/3/12,0.53,0.005,0.0106,0.05,1.66,1.6,36.86,441.63,24.72,10.16
Outflow,8/9/12,0.51,0.005,0.0277,0.21,1.38,1.14,27.08,781.16,62.07,0
Outflow,8/16/12,0.46,0.005,0.1592,0.04,1.33,1.14,28.37,719.03,48.95,0
Outflow,8/22/12,0.56,0.005,0.0145,0.06,0.91,0.84,20.22,473.84,32.53,0
Outflow,8/30/12,0.56,0.005,0.2838,0.03,1.5,1.19,30.72,745.26,43.66,0
Outflow,9/5/12,0.55,0.005,0.005,0,1.44,1.43,34.57,29.35,2.22,0
Outflow,9/13/12,0.5,0.005,0.005,0,1.13,1.12,26.05,386.3,12.99,0
Outflow,9/20/12,0.52,0.005,0.0867,0.01,1.53,1.43,37.06,275.45,8.25,0
Outflow,9/27/12,0.4,0.005,0.016,0.02,1.31,1.27,34.13,131.39,3.54,0
Outflow,10/4/12,0.42,0.005,0.1132,0.01,1.43,1.3,36.06,151.45,4.48,0
Outflow,10/11/12,0.41,0.005,0.3469,0.01,1.79,1.44,38.76,156.39,4.62,0
Outflow,10/18/12,0.43,0.005,0.3443,0.01,1.81,1.46,42.24,238.64,6.2,0
Outflow,10/25/12,0.38,0.005,0.005,0.01,0.99,0.98,23.24,31.78,21.34,0
Outflow,11/1/12,0.63,0.005,0.0536,0.01,1.09,1.03,31.14,57.03,2.15,0
Outflow,11/9/12,0.58,0.005,0.1809,0.22,1.34,0.95,31.32,74.33,4.65,0
Outflow,11/21/12,0.47,0.005,0.1217,0.06,1.31,1.13,38.71,49.35,5.45,0
Outflow,11/29/12,0.42,0.005,0.1741,0.01,1.4,1.21,43.21,60.63,5.13,0
Outflow,12/6/12,0.38,0.005,0.099,0.01,1.23,1.13,44.65,49.39,4.29,0
Outflow,12/15/12,0.44,0.005,0.1386,0.01,1.39,1.24,45.09,55.04,3.53,0
Outflow,12/22/12,0.56,0.005,0.258,0.02,1.62,1.34,43.22,79.19,2.88,0
Outflow,12/27/12,0.59,0.005,0.068,0.02,1.06,0.98,36.87,43.65,2.95,0
Outflow,1/4/13,0.62,0.005,0.031,0.02,0.95,0.9,33.56,28.99,2.37,182.37
Outflow,1/10/13,0.58,0.005,0.025,0.01,1.01,0.98,34.48,29.47,2.58,159
Outflow,2/17/13,0.65,0.005,0.07,0.07,1.3,1.17,39.58,33.4,1.93,0.25
Outflow,2/24/13,0.64,0.005,0.038,0.02,1.04,0.98,36.48,41.67,2.57,4.83
Outflow,3/7/13,0.69,0.005,0.05,0.03,0.83,0.75,28.51,18.13,2.95,0
Outflow,3/15/13,0.67,0.005,0.05,0.01,1.03,0.97,31.11,17.58,3.41,0
Outflow,3/20/13,0.66,0.005,0.05,0.01,1.01,0.95,33.04,18.2,3.59,0
Outflow,3/28/13,0.63,0.005,0.05,0.02,0.97,0.89,34.4,26.48,3.99,0
Outflow,4/5/13,0.61,0.005,0.05,0.01,1.22,1.16,35.53,24.39,2.62,2.79
Outflow,4/11/13,0.57,0.005,0.013,0.01,1.07,1.05,38.77,23.32,2.72,0
Outflow,4/18/13,0.51,0.005,0.05,0.02,1.23,1.16,39.35,23.88,1.35,0
Outflow,4/26/13,0.57,0.005,0.05,0.02,1.27,1.2,38.88,22.01,1.71,0
Outflow,5/2/13,0.54,0.005,0.05,0.03,1.22,1.14,38.15,22.23,1.08,0
Outflow,5/9/13,0.53,0.005,0.05,0.02,1.09,1.02,33.17,116.63,5.3,2.54
Outflow,5/15/13,0.45,0.005,0.023,0.02,1.49,1.45,44.63,27.34,1.49,0
Outflow,5/23/13,0.42,0.005,0.12,0.03,1.52,1.37,48.96,34.55,1.67,5.84
Outflow,5/29/13,0.36,0.005,0.272,0.04,2.02,1.71,56.21,36.74,1.77,0
Outflow,6/5/13,0.35,0.005,0.339,0.06,2.31,1.91,55.41,47.34,2.02,0
Outflow,6/14/13,0.45,0.005,0.148,0.03,1.69,1.51,50.14,35.04,1.63,0.25
Outflow,6/19/13,0.49,0.005,0.312,0.04,2.03,1.68,48.53,34.29,2.15,0.76
Outflow,6/28/13,0.52,0.005,0.257,0.03,1.79,1.5,45.61,32.7,1.62,16
Outflow,7/6/13,0.55,0.005,0.047,0.02,1.18,1.11,39.33,19.36,0.71,0
Outflow,7/11/13,0.47,0.005,0.054,0.02,1.34,1.27,44.69,22.22,1.07,14.73
Outflow,7/18/13,0.44,0.005,0.077,0.04,1.41,1.3,47.05,27.91,1.53,0
Outflow,7/25/13,0.55,0.005,0.355,0.05,1.79,1.38,39.82,25.64,2.15,0.25
Outflow,8/1/13,0.47,0.005,0.128,0.03,1.57,1.41,47.22,30.48,1.89,5.33
Outflow,8/9/13,0.48,0.005,0.193,0.02,1.68,1.46,47.83,30.64,1.99,0
Outflow,8/16/13,0.62,0.005,0.097,0.04,1.02,0.88,38.09,21.02,1.32,2.29
Outflow,8/23/13,0.71,0.005,0.046,0.02,1,0.93,33.86,11.28,1.57,23.62
Outflow,8/30/13,0.61,0.005,0.0172,0.04,1.02,0.96,32.31,11.41,1.65,0
Outflow,9/6/13,-9999,0.005,0.0286,0.04,1.19,1.12,35.03,13.3,1.99,0
Outflow,9/12/13,-9999,0.005,0.206,0.01,1.62,1.4,40.94,16.87,1.6,0
Outflow,9/19/13,-9999,0.005,0.0776,0.03,1.65,1.54,47.68,22.98,1.92,0
Outflow,9/27/13,-9999,0.005,0.188,0.04,1.82,1.59,51.23,27.67,1.94,0
Outflow,10/3/13,-9999,0.005,0.0299,0.01,1.75,1.72,55.71,35.47,1.79,0
Outflow,10/11/13,-9999,0.005,0.0851,0.05,1.02,0.89,28.56,14.04,1.85,1.02
Outflow,10/25/13,-9999,0.005,0.069,0.06,1.19,1.07,32.83,15.97,2.53,0
Outflow,11/1/13,-9999,0.005,0.0642,0.05,1.29,1.18,36.59,16.28,2.6,9.91
Outflow,11/8/13,-9999,0.005,0.0723,0.03,1.33,1.23,39.66,19.42,1.74,0
Outflow,11/17/13,-9999,0.005,0.0591,0.01,1.41,1.34,46.08,21.57,1.62,0.76
Outflow,11/23/13,-9999,0.005,0.158,0.02,1.63,1.45,48.97,24.04,1.39,1.02
Outflow,11/29/13,-9999,0.005,0.084,0.02,1.34,1.24,42.93,25.9,1.78,0
Outflow,12/4/13,-9999,0.005,0.0256,0.03,1.16,1.11,39.14,19.18,4.79,1.27
Outflow,12/14/13,0.55,0.005,0.0585,0.08,0.97,0.84,28.58,15.88,4.42,22.61
Outflow,12/19/13,0.6,0.005,0.0158,0.07,0.85,0.77,26.46,14.25,5.08,0
Outflow,1/3/14,0.61,0.005,0.0291,0.04,0.61,0.54,18.34,10.26,5.3,0
Outflow,1/8/14,0.58,0.005,0.0264,0.06,0.83,0.74,25.68,16.02,3.72,0
Outflow,1/15/14,0.66,0.005,0.024,0.08,0.82,0.72,25.45,11.64,1.81,0.25
Outflow,2/7/14,0.62,0.005,0.05,0.06,0.78,0.67,25.01,13.47,2.99,0
Outflow,2/13/14,0.61,0.005,0.05,0.04,0.62,0.52,20.42,11.69,2.54,6.6
Outflow,2/20/14,0.58,0.005,0.05,0.05,0.58,0.48,17.86,9.96,3.08,0
Outflow,2/23/14,0.57,0.005,0.0115,0.11,0.78,0.66,23.93,12.31,3.93,0
Pump_station,7/25/07,1.52,0.0131,0.0318,0.01,0.95,0.9,29.2,22.04,34.7,0
Pump_station,8/22/07,1.52,0.0025,0.0211,0.07,0.85,0.77,25.56,22.64,56.03,22.1
Pump_station,8/30/07,1.52,0.0025,0.0168,0.02,0.84,0.8,27.88,21.91,52.92,0
Pump_station,9/5/07,1.52,0.0038,0.0207,0,1.02,1,28.81,22.7,54.21,0
Pump_station,9/12/07,1.52,0.0842,0.024,0,1.01,0.99,30.91,24.97,57.78,0
Pump_station,9/18/07,1.52,0.0027,2.96,0,-9999,-9999,-9999,-9999,-9999,0
Pump_station,9/25/07,1.52,0.0037,0.0151,0,0.83,0.82,25.69,25.72,71.92,0
Pump_station,10/3/07,1.52,0.003,0.023,0,1.14,1.11,25.37,29.6,77.37,0
Pump_station,10/10/07,1.52,0.0034,0.077,0,1.54,1.46,26.16,30.99,76.6,0
Pump_station,10/17/07,1.52,0.0025,0.0319,0.01,1.22,1.18,25.73,33.29,81.25,0
Pump_station,10/24/07,1.52,0.0025,0.0652,0.03,1.38,1.29,25.2,34.99,87.96,0
Pump_station,11/1/07,1.52,0.0012,0.11,0,1.16,1.04,20.67,32.14,96.72,0
Pump_station,11/7/07,1.52,0.0432,0.014,0,0.93,0.92,19.61,34.44,103.47,0
Pump_station,11/14/07,1.52,0.0032,0.056,0,0.88,0.83,17.79,36.03,109.22,0
Pump_station,11/20/07,1.52,0.0026,0.014,0.02,0.91,0.87,17.93,34.7,115.86,0
Pump_station,11/29/07,1.52,0.0029,0.014,0,0.73,0.71,16.32,35.04,118.24,0
Pump_station,12/6/07,1.52,0.0025,0.105,0,-9999,-9999,-9999,43.84,130.81,0
Pump_station,12/13/07,1.52,0.0094,0.302,0.03,1.08,0.75,14.45,37.79,140.04,0
Pump_station,12/23/07,1.52,0.0062,0.324,0.07,1,0.61,9.69,32.41,144.21,0
Pump_station,12/28/07,1.52,0.0025,0.486,0.12,1.12,0.52,7.03,30.88,142.84,0
Pump_station,1/4/08,1.52,0.003,0.823,0.07,1.44,0.55,5.68,31.87,149.18,0
Pump_station,1/9/08,1.52,0.0019,0.86,0.07,1.47,0.54,3.82,30.77,148.3,0
Pump_station,1/16/08,1.52,0.0038,1.13,0,2.27,1.14,7.7,31.27,154.92,0
Pump_station,1/24/08,1.52,0.0024,1,0.09,1.65,0.56,5.98,26.5,140.94,2.79
Pump_station,1/31/08,1.52,0.0059,1.12,0.11,1.53,0.3,4.56,27.39,140.05,0.25
Pump_station,2/7/08,1.52,0.0092,0.84,0.1,1.37,0.43,10.69,29.36,-9999,0
Pump_station,2/14/08,1.53,0.0104,0.469,0.11,1.03,0.45,11.07,29.61,167.56,34.29
Pump_station,2/21/08,1.52,0.0074,0.371,-9999,0.96,0.59,10.99,-9999,-9999,0
Pump_station,2/28/08,1.52,0.0005,0.233,2.53,3.29,0.53,13.4,26.27,125.44,0
Pump_station,3/7/08,2.03,0.0178,1.07,4.82,7.05,1.16,17.85,-9999,-9999,0
Pump_station,3/13/08,2.02,0.0105,0.639,6.68,5.05,0.99,25.05,-9999,-9999,0
Pump_station,3/20/08,1.52,0.0068,0.344,2.98,3.76,0.44,20.53,-9999,-9999,1.52
Pump_station,3/27/08,1.52,0.0068,0.151,2.08,2.7,0.47,21.63,-9999,-9999,0
Pump_station,4/2/08,2,0.0025,0.0362,0.59,1.46,0.83,32.58,18.33,66.45,2.79
Pump_station,4/9/08,1.54,0.0025,0.303,4.13,4.58,0.15,29.38,21.1,52.65,0.25
Pump_station,4/17/08,1.52,0.0025,0.243,3.51,4.91,1.16,23.45,20.94,59.17,0
Pump_station,4/24/08,1.99,0.0049,0.105,2.99,4.62,1.53,27.43,18.11,47.59,0
Pump_station,5/1/08,1.52,0.0058,0.177,2.02,3.13,0.94,21.56,20.76,55.79,0
Pump_station,5/7/08,1.52,0.0025,0.0661,1.18,2.07,0.83,24.42,19.82,60.65,0.25
Pump_station,5/15/08,1.52,0.0025,0.269,0.1,1.61,1.24,40.7,16.91,40.24,0
Pump_station,5/22/08,1.52,0.0025,0.0761,0.09,1.52,1.35,37.33,18.14,50.11,0.25
Pump_station,5/29/08,1.54,0.0025,0.0025,0,1.25,1.25,36.59,18.71,51.21,11.18
Pump_station,6/5/08,1.52,0.0025,0.0025,0.03,1.43,1.39,39.51,20.16,51.71,0
Pump_station,6/12/08,1.52,0.0242,0.0151,0,1.58,1.56,42.61,19.47,46.05,0
Pump_station,6/19/08,1.52,0.0025,0.0722,0.06,1.69,1.56,44.01,21.33,46.12,0
Pump_station,6/26/08,1.52,0.0025,0.0025,0.06,1.64,1.58,45.82,61.74,12.58,0
Pump_station,7/3/08,1.52,0.0025,0.0025,0.04,1.29,1.26,42.75,22.85,40.07,0
Pump_station,7/10/08,1.52,0.0025,0.107,0.05,1.48,1.32,42.4,23.15,40.31,12.19
Pump_station,7/17/08,1.52,0.0025,0.0765,0.02,1.64,1.54,42.53,37.32,38.75,0
Pump_station,8/22/08,1.52,0.0025,0.0029,0.05,1.14,1.09,26.29,12.8,34.04,0
Pump_station,8/28/08,1.52,0.0025,0.0023,0.04,0.86,0.81,23.75,12.56,38.44,23.62
Pump_station,9/4/08,1.54,0.0025,0.0025,0,0.7,0.7,18.65,10.84,28.56,0
Pump_station,9/11/08,1.52,0.0025,0.0025,0.06,1.61,1.55,21.04,11.47,25.76,1.78
Pump_station,9/18/08,1.52,0.0025,0.0025,0.06,1.43,1.37,21.86,12.75,25.53,0
Pump_station,9/25/08,1.52,0.0025,0.0025,0.06,1.42,1.35,22.81,13.41,29.26,0
Pump_station,10/2/08,1.52,0.0025,0.0025,0.07,1.37,1.3,22.48,13.76,30.04,11.68
Pump_station,10/8/08,1.52,0.0025,0.0025,0.06,1.41,1.35,22.82,13.91,29.77,0
Pump_station,10/16/08,1.52,0.0025,0.0025,-9999,1.43,1.43,22.56,14.63,28.74,0
Pump_station,10/23/08,1.52,0.0025,0.0025,0.07,0.72,0.65,19.95,13.69,31.67,0
Pump_station,10/30/08,1.52,0.0025,0.0025,0.07,0.74,0.67,19.57,14.02,34.13,0
Pump_station,11/6/08,1.52,0.0025,0.0025,0.1,0.92,0.81,19.11,15.39,34.92,28.96
Pump_station,11/14/08,1.52,0.0025,0.0075,1.15,1.95,0.79,17.86,19.16,39.52,7.11
Pump_station,11/20/08,1.52,0.0025,0.0151,1.28,2.61,1.32,21.1,21.33,45.84,0.25
Pump_station,11/26/08,1.52,0.0025,0.0309,1.29,2.1,0.78,20.8,21.34,48.64,0
Pump_station,12/4/08,1.52,0.0025,0.0432,1.5,2.16,0.61,17.85,22.29,52.89,0
Pump_station,12/10/08,1.52,0.0025,0.0546,1.64,2.27,0.57,18.29,35.25,52.35,0.76
Pump_station,12/18/08,1.52,0.0025,-9999,2.42,2.96,0.54,15.06,22.65,62.16,0.51
Pump_station,12/25/08,1.52,0.0025,0.0838,2.26,3.14,0.81,17.56,22.63,60.78,2.54
Pump_station,1/3/09,1.52,0.0025,0.102,2.17,2.91,0.64,16.77,23.56,63.27,0.25
Pump_station,1/8/09,1.52,0.0025,0.102,1.91,2.57,0.56,15.3,25.89,62.29,0
Pump_station,1/15/09,1.52,0.0025,0.0891,1.76,2.53,0.68,15.66,27.43,64.65,0.25
Pump_station,1/23/09,1.52,0.0025,0.0746,1.34,2.2,0.79,15.83,26.86,60.62,0
Pump_station,1/29/09,1.52,0.0025,0.075,1.36,1.87,0.44,15.77,29.79,57.67,0.25
Pump_station,2/5/09,1.52,0.0025,0.0546,1.4,1.93,0.47,17.05,42.11,61.37,0
Pump_station,2/12/09,1.52,0.0025,0.0136,0.83,1.64,0.8,18.7,32.17,58.42,0
Pump_station,2/18/09,1.52,0.0025,0.0047,0.55,1.26,0.71,20.81,31.91,56.11,8.64
Pump_station,2/26/09,1.52,0.0025,0.0027,0.35,1.28,0.93,24.15,31.1,46.77,0
Pump_station,3/5/09,1.52,0.0025,0.0025,0.41,1.31,0.89,24.76,29.92,45.75,0.25
Pump_station,3/12/09,1.52,0.0025,0.0025,0.79,1.57,0.78,21.18,30.81,41.56,0.25
Pump_station,3/19/09,1.52,0.0025,0.0055,0.63,1.47,0.83,23.74,28.66,40,0
Pump_station,3/25/09,1.52,0.0025,0.0025,0.77,1.69,0.91,20.59,29.8,45.52,0.25
Pump_station,4/2/09,1.52,0.0025,0.245,1.12,2.2,0.84,19.48,29.2,42.38,2.79
Pump_station,4/8/09,1.52,0.0025,0.185,1.72,2.41,0.51,16.74,34.81,43.93,0
Pump_station,4/16/09,1.52,0.0025,0.0913,1.17,1.82,0.56,17.27,33.61,38.84,0
Pump_station,4/22/09,1.89,0.0025,0.0025,0.45,1.29,0.84,41.19,31.17,30.21,0.51
Pump_station,4/30/09,1.85,0.0048,0.999,0.03,-9999,-9999,-9999,22.31,18.77,0
Pump_station,5/7/09,1.96,0.0175,2.49,1.71,-9999,-9999,-9999,23.93,17.79,22.1
Pump_station,5/14/09,1.88,0.0011,2.46,0.17,-9999,-9999,-9999,26.64,21.3,0
Pump_station,5/21/09,1.97,0.0048,0.5536,5.96,4.74,0.66,29.64,20.56,24.18,0
Pump_station,5/28/09,1.53,0.0029,0.7396,2.96,3.03,-9999,30.02,24.97,29.47,0
Pump_station,6/4/09,1.52,0.0032,0.3888,1.65,-9999,-9999,-9999,25.65,26.06,1.78
Pump_station,6/11/09,1.52,0.0032,0.5046,0.29,1.55,0.76,23.58,16.96,19.79,0
Pump_station,6/18/09,1.52,0.0019,1.6102,0.34,3.09,1.13,33.37,25.57,20.82,3.81
Pump_station,6/25/09,1.89,0.0026,0.9492,0.28,2.31,1.08,31.08,23.73,21.35,0.25
Pump_station,7/2/09,1.52,0.0012,0.7553,0.14,1.92,1.03,30.31,24.45,17.57,0.25
Pump_station,7/9/09,1.83,0.003,0.4556,2.46,4.02,1.11,33.12,18.36,12.18,0.51
Pump_station,7/16/09,1.52,0.0033,0.0938,2.59,3.65,0.96,23.52,13.69,14,0
Pump_station,7/23/09,1.82,0.0023,0.5715,0.41,2.78,1.79,65.46,16.51,10.89,3.81
Pump_station,7/30/09,1.79,0.0064,0.615,0.08,2.27,1.58,58.62,20.04,11.4,0.25
Pump_station,8/7/09,1.82,0.0025,0.3454,1.35,2.34,0.65,29.36,17.1,18.55,1.02
Pump_station,8/13/09,1.8,0.009,0.337,0.09,2.01,1.58,45.38,20.43,14.59,9.65
Pump_station,8/20/09,1.52,0.0066,0.0192,0.03,1.35,1.3,39.63,20.98,18.56,0.25
Pump_station,8/27/09,1.52,0.0071,0.3077,0.04,1.56,1.22,40.49,22.61,16.78,0
Pump_station,9/4/09,1.52,0.0072,0.3619,1.5,2.52,0.65,34.78,26.53,20.46,0
Pump_station,9/11/09,1.88,0.0468,0.0065,0.28,1.29,1,25.3,16.39,15.81,0.25
Pump_station,9/17/09,1.86,0.0134,0.216,0.08,1.78,1.48,53.78,19.15,11.67,0.51
Pump_station,9/24/09,1.51,0.0025,0.1286,0.03,2.03,1.88,63.81,20,9.51,0.25
Pump_station,10/1/09,1.82,0.0062,0.1816,0.05,1.96,1.73,60.75,24.36,11.38,0.25
Pump_station,10/8/09,1.51,0.0257,0.5777,0.05,2.5,1.88,59.65,24.95,10.35,0.25
Pump_station,10/15/09,1.52,0.009,0.4382,0.19,2.6,1.98,56.26,23.79,15.33,7.37
Pump_station,10/22/09,1.52,0.0025,0.365,0.08,2.38,1.93,55.74,23.48,14.16,0.51
Pump_station,10/29/09,1.52,0.0025,0.3559,0.09,2.46,2.02,53.88,24.09,17.26,0
Pump_station,11/5/09,1.52,0.0025,0.2878,0.05,2.1,1.77,51.85,28.16,15.25,0.25
Pump_station,11/15/09,1.52,0.1047,0.0264,0.8,1.53,0.7,18.48,9.9,8.38,0.25
Pump_station,11/19/09,1.52,0.0514,0.0942,0.34,2.39,1.96,48.36,12.71,9.13,0.25
Pump_station,11/25/09,1.52,0.0157,0.2465,0.39,2.32,1.68,54.21,17.29,13.86,0.51
Pump_station,12/3/09,1.52,0.0073,0.2539,0.44,2.05,1.36,35.36,19.97,20.91,6.35
Pump_station,12/10/09,1.52,0.0225,0.1188,1.05,1.63,0.46,17.34,13.02,14.72,0.76
Pump_station,12/19/09,1.8,0.0054,0.1172,0.83,1.62,0.68,33.55,19.35,15.04,11.68
Pump_station,12/26/09,1.85,0.0196,0.0462,1.01,1.57,0.52,14.51,11,12.83,22.61
Pump_station,12/30/09,1.52,0.0025,0.1281,0.64,1.79,1.02,37.35,16.57,14.82,0
Pump_station,1/7/10,1.52,0.0025,0.1921,0.63,1.93,1.11,39.29,17.27,15.7,0.25
Pump_station,1/14/10,1.5,0.0025,0.1874,0,1.76,1.57,38.46,17.63,17.67,0.5
Pump_station,1/21/10,1.8,0.0025,0.1328,0.1,2,1.76,28.59,22.35,19.34,15.85
Pump_station,1/28/10,1.78,0.0025,0.1682,0.88,1.83,0.78,35.5,17.38,16.71,0.25
Pump_station,2/3/10,1.88,0.0025,0.0978,2,2.43,0.34,20.68,17.47,21.09,2.52
Pump_station,2/11/10,1.87,0.0025,0.0733,1.45,1.87,0.35,22.63,15.54,18.1,0.25
Pump_station,2/17/10,1.75,0.0025,0.1081,0.32,1.21,0.78,34.96,12.88,13.44,0.25
Pump_station,2/25/10,1.51,0.0025,0.17,0.33,1.28,0.78,29.85,13.74,21.21,4.03
Pump_station,3/3/10,1.87,0.0341,0.5215,1.35,0.21,0.61,3.44,9.4,10.63,13.59
Pump_station,3/10/10,1.51,0.0025,0.0776,0.67,1.44,0.69,27.65,14.11,21.67,1.76
Pump_station,3/18/10,1.51,0.0025,0.4513,1.13,1.94,0.36,20.12,15.94,28.75,0
Pump_station,3/25/10,1.51,0.0025,0.3898,0.67,1.6,0.53,22.34,16.11,30.76,0.25
Pump_station,4/1/10,1.51,0.0025,0.3037,0.69,1.54,0.55,19.12,16.08,37.97,0.25
Pump_station,4/8/10,1.51,0.0025,0.2077,0.35,1.15,0.59,20.66,16.63,38.22,0
Pump_station,4/15/10,1.51,0.0025,0.2493,0.17,1.17,0.75,23.49,16.23,38.84,0
Pump_station,4/20/10,1.51,0.0025,0.0025,0.1,1.11,1,26.85,16.63,37.44,0
Pump_station,4/29/10,1.51,0.0025,0.0099,0.01,0.9,0.88,29.84,16.26,31.6,0.5
Pump_station,5/5/10,1.51,0.0046,0.1391,0.08,1.14,0.92,31.08,16.34,31.14,0.5
Pump_station,5/13/10,1.52,0.0036,0.08,0.06,1.42,1.28,32.87,15.96,31.96,25.92
Pump_station,5/19/10,1.51,0.0036,0.0712,0.08,1.14,0.99,29.55,14.79,29.99,0.75
Pump_station,5/27/10,1.51,0.014,0.2867,0.11,1.09,0.69,28.01,15.5,29.63,0.25
Pump_station,6/3/10,1.51,0.0031,0.0487,0.07,1.13,1.01,29.71,17.21,26.07,0.25
Pump_station,6/10/10,1.51,0.0069,0.0569,0.1,0.94,0.79,29.39,16.7,24.46,0.3
Pump_station,6/16/10,1.51,0.0054,0.0378,0.05,0.95,0.86,29.09,18.39,23.31,6.49
Pump_station,6/24/10,1.51,0.0025,0.013,0.02,0.91,0.88,28.87,18.85,21.03,0
Pump_station,7/1/10,1.51,0.0025,0.0201,0.04,0.7,0.64,26.31,17.41,20.32,5.19
Pump_station,7/8/10,1.51,0.0064,0.0126,0.03,0.96,0.92,26.88,17.65,18.28,0
Pump_station,7/15/10,1.51,0.0057,0.0134,0.02,0.96,0.93,25.21,17.73,17.02,0
Pump_station,7/22/10,1.51,0.0052,0.0073,0.03,0.91,0.87,24.6,17.36,15.61,0
Pump_station,7/29/10,1.51,0.0064,0.0082,0.02,0.99,0.97,25.51,17.92,13.82,2.7
Pump_station,8/4/10,1.51,0.0063,0.0143,0.02,1.03,1,25.46,18.7,13.76,0.3
Pump_station,8/12/10,1.51,0.0075,0.0101,0.04,1.03,0.98,21.69,15.92,18.96,10.98
Pump_station,8/19/10,1.51,0.004,0.0066,0.03,0.77,0.74,22,15.14,18.69,0.5
Pump_station,8/26/10,1.51,0.0056,0.0102,0.03,0.76,0.72,21.17,14.14,19.44,0
Pump_station,9/1/10,1.51,0.0025,0.0127,0.02,1.17,1.14,22.3,13.27,19.15,0.3
Pump_station,9/9/10,1.51,0.1356,0.0025,0,-9999,-9999,-9999,12.51,20.06,0
Pump_station,9/16/10,1.51,0.0025,0.0124,0.01,0.99,0.96,18.45,12.28,18.94,0
Pump_station,9/23/10,1.51,0.1762,0.0165,0.01,1.09,1.06,19.68,12.96,20.22,0.25
Pump_station,10/1/10,1.84,0.1136,0.0658,0.98,2.12,1.08,13.77,8.42,3.76,1.52
Pump_station,10/7/10,1.74,0.0375,0.2712,0.05,1.9,1.58,52.3,11.14,17.54,15.75
Pump_station,10/13/10,1.51,0.0379,0.2588,0.03,1.68,1.39,44.43,11.29,25.4,0
Pump_station,10/21/10,1.51,0.0102,0.015,0.03,1.27,1.22,38.81,11.93,28.48,0
Pump_station,10/28/10,1.51,0.0099,0.0025,0.01,1.31,1.29,35.7,12.14,30.91,0.76
Pump_station,11/3/10,1.51,0.0032,0.0025,0.06,1.5,1.43,40.1,13.54,33.09,1.52
Pump_station,11/11/10,1.51,0.0025,0.0145,0.67,2.04,1.36,32.22,15.6,25.43,0
Pump_station,12/23/10,1.5,0.0052,0.1873,0.13,1.03,0.71,22.6,16.39,38.36,0
Pump_station,12/30/10,1.5,0.0038,0.1721,0.13,1.26,0.95,19.85,15.21,39.91,4.06
Pump_station,1/7/11,1.5,0.0025,0.1962,0.21,1.17,0.76,17.52,18.14,45.51,0.51
Pump_station,1/13/11,1.5,0.0025,0.2336,0.69,1.12,0.2,16.7,3.36,2.32,0
Pump_station,1/20/11,1.5,0.0036,0.3019,0.3,1.09,0.49,19.12,16.81,37.39,0.51
Pump_station,1/27/11,1.5,0.0013,0.2248,0.34,1.18,0.61,17.15,16.69,45.19,0.51
Pump_station,2/3/11,1.5,0.0118,0.1963,0.13,0.87,0.54,11.01,8.23,35.04,1.27
Pump_station,2/11/11,1.5,0.0022,0.2412,0.45,1.34,0.65,14.4,18.35,48.26,0
Pump_station,2/18/11,1.5,0.0041,0.2567,0.4,1.28,0.63,14.07,17.9,57.49,0
Pump_station,2/24/11,1.5,0.0062,0.3038,0.33,1.29,0.66,13.72,18.75,64.15,0
Pump_station,3/3/11,1.51,0.005,0.28,0.27,1.22,0.67,14.13,18.2,62.64,0
Pump_station,3/9/11,1.5,0.0055,0.225,0.2,1.09,0.66,15.2,17.65,60.89,0
Pump_station,3/17/11,1.5,0.0055,0.2155,0.24,1.3,0.84,17.68,18.27,55.44,0
Pump_station,3/25/11,1.5,0.0062,0.1367,0.19,0.99,0.66,15.36,17.49,58.26,0
Pump_station,3/31/11,1.73,0.0025,0.1834,1.24,2.42,1,22.43,20.47,23.38,0
Pump_station,4/7/11,1.51,0.0025,0.0593,1.37,2.25,0.82,16.39,18.91,44.52,0
Pump_station,4/14/11,1.51,0.0025,0.0607,0.81,1.54,0.68,16.39,18.08,49.99,0
Pump_station,4/21/11,1.73,0.0025,3.599,1.13,6.08,1.36,28.1,19.78,19.44,0
Pump_station,4/27/11,1.51,0.0025,3.5739,0.84,5.77,1.36,25.63,18.39,25.5,0
Pump_station,5/6/11,1.51,0.0025,2.5136,0.85,4.41,1.05,26.23,17.35,21.65,0
Pump_station,5/11/11,1.51,0.0025,2.0188,0.4,3.32,0.9,25.88,16.93,23.38,0
Pump_station,5/19/11,1.51,0.0025,1.3241,0.07,2.34,0.95,25.43,16.55,22.53,0
Pump_station,5/26/11,1.51,0.0025,0.5122,0.06,1.21,0.64,24.13,15.85,21.48,0
Pump_station,6/2/11,1.51,0.0083,0.1953,0.11,1.13,0.83,26.25,17.64,18.5,0
Pump_station,6/9/11,1.51,0.0052,0.0025,0.02,0.88,0.86,28.97,17.04,15.28,0
Pump_station,6/15/11,1.51,0.0057,0.0025,0.01,0.84,0.83,28.63,18.16,12.13,0
Pump_station,6/23/11,1.51,0.0025,0.0131,0.03,0.98,0.93,28.13,37.05,13.65,0.25
Pump_station,6/30/11,1.51,0.0025,0.0153,0.02,0.88,0.85,25.7,135.61,18.87,0.25
Pump_station,7/7/11,1.51,0.0025,0.0232,0.03,1.11,1.06,22.63,304.96,38.19,0
Pump_station,7/14/11,1.51,0.0025,0.0137,0.03,1.03,0.99,22.81,325.91,32.25,0
Pump_station,7/21/11,1.51,0.005,0.0126,0.02,1.09,1.06,23.99,504.4,34.69,0.25
Pump_station,7/28/11,1.51,0.0025,0.0105,0.03,1.02,0.98,22.16,694.35,42.56,0
Pump_station,8/4/11,1.51,0.0025,0.0025,0.04,0.64,0.6,14.58,521.92,38.99,0.51
Pump_station,8/11/11,1.51,0.0025,0.0025,0.04,0.81,0.77,19.03,1047,104.4,0
Pump_station,8/18/11,1.51,0.0054,0.0025,0.07,0.94,0.88,19.88,1280.68,139.64,0
Pump_station,8/24/11,1.51,0.0025,0.0177,0.07,0.83,0.74,17.46,1323.14,182.07,0
Pump_station,9/1/11,1.83,0.0271,0.0323,0,1.53,1.5,40.5,72.2,21.38,0
Pump_station,9/8/11,1.51,0.0168,0.0539,0.02,1.26,1.2,34.4,97.55,14.89,0.76
Pump_station,9/13/11,1.51,0.005,0.5286,0.02,2.31,1.76,52.28,168.64,14.1,0
Pump_station,9/14/11,1.78,0.005,0.508,0.03,1.85,1.31,41.2,136.58,16.09,0.25
Pump_station,9/21/11,1.74,0.0454,0.0105,0.02,1.85,1.83,44.91,26.58,4.34,11.18
Pump_station,9/29/11,1.84,0.0111,0.463,0.02,1.48,1,44.58,83.34,14.36,0
Pump_station,10/5/11,1.75,0.005,0.9427,0.02,2.08,1.12,54.97,104.95,14.81,12.7
Pump_station,10/20/11,1.5,0.005,0.8492,0.02,2.01,1.15,43.39,112.39,19.93,0
Pump_station,10/27/11,1.5,0.0064,0.5118,0.01,1.66,1.14,39,119.1,12.08,0
Pump_station,11/2/11,1.5,0.0062,0.5522,0.02,1.79,1.22,37.95,125.84,16.52,0
Pump_station,11/10/11,1.5,0.0054,0.4458,0.03,1.6,1.12,34.39,122.57,20.48,0
Pump_station,11/16/11,1.5,0.0025,0.533,0.03,1.57,1.01,32.05,120.41,22.89,1.27
Pump_station,11/26/11,1.5,0.0056,0.3629,0.04,1.53,1.13,30.2,119.16,24.29,0
Pump_station,12/7/11,1.5,0.0059,0.3312,0.04,1.35,0.98,28.8,123.17,27.55,0
Pump_station,12/11/11,1.5,0.0025,0.3532,0.06,1.43,1.02,28.67,122.9,30.89,4.06
Pump_station,12/19/11,1.5,0.0052,0.3596,0.09,1.2,0.74,25.35,117.79,32.72,0
Pump_station,12/28/11,1.5,0.0054,0.5241,0.1,1.48,0.86,25.22,115.87,41.55,0
Pump_station,1/4/12,1.5,0.0053,0.4465,0.12,1.46,0.9,24.7,112.64,43.36,0
Pump_station,1/12/12,1.5,0.0066,0.4538,0.14,1.64,1.04,30.93,112.82,43.9,0.25
Pump_station,1/19/12,1.5,0.0025,0.4127,0.01,1.31,0.89,25.12,48.64,14.1,0
Pump_station,1/26/12,1.5,0.0025,0.3897,0.01,1.29,0.89,24,71.72,49.08,0
Pump_station,2/9/12,1.5,0.0025,0.2872,0.01,1.19,0.9,20.72,50.35,17.13,0
Pump_station,2/15/12,1.5,0.0025,0.2103,0.01,1.23,1.01,19.77,85.53,41.87,0
Pump_station,2/23/12,1.5,0.0025,0.546,0.01,1.79,1.24,17.15,41.16,22.57,2.79
Pump_station,3/1/12,1.5,0.0025,0.3567,0.01,1.72,1.36,16.81,68.87,50.84,0
Pump_station,3/8/12,1.5,0.0025,0.7867,1.13,2.54,0.63,25.61,47,21.8,0
Pump_station,3/15/12,1.5,0.0025,0.422,1.14,2.16,0.59,20.9,45.48,32.05,0
Pump_station,3/22/12,1.5,0.0025,0.2461,0.57,1.44,0.62,19.62,39.03,33.02,0.25
Pump_station,3/29/12,1.5,0.0025,0.111,0.62,1.36,0.63,23.34,46.03,26.07,0
Pump_station,4/3/12,1.5,0.0025,0.1548,0.41,1.19,0.63,20.9,42.91,34.64,4.83
Pump_station,4/12/12,1.5,0.0025,0.1132,0.27,0.96,0.58,19.79,44.13,43.74,0
Pump_station,4/18/12,1.5,0.0025,0.0725,0.13,0.74,0.54,19.31,43.11,48.25,7.37
Pump_station,4/25/12,1.5,0.0025,0.1434,0.08,0.74,0.51,19.27,42.58,45.68,0
Pump_station,5/3/12,1.5,0.0025,0.071,0.06,0.83,0.7,18.25,39.29,47.94,0
Pump_station,5/10/12,1.5,0.0025,0.0078,0,0.78,0.77,20.21,39.66,46.88,0
Pump_station,5/17/12,1.5,0.0025,0.0755,0.01,0.81,0.73,20.21,38.97,45.36,0.25
Pump_station,5/25/12,1.5,0.0025,0.0025,0.01,0.68,0.67,21.11,38.91,39.15,0.25
Pump_station,5/31/12,1.84,0.008,0.0025,7.35,8.15,0.8,11.5,10.46,17.87,0
Pump_station,6/7/12,1.5,0.0025,0.0025,0.17,1.25,1.08,30.49,28.7,21.13,0
Pump_station,6/14/12,1.51,0.0025,0.3631,0.02,1.45,1.07,29.68,31.05,17.55,0
Pump_station,6/21/12,1.51,0.0025,0.0722,0.02,1.21,1.12,31.27,33.57,17.24,0
Pump_station,6/28/12,1.51,0.0025,0.0521,0.03,1.23,1.15,31.09,38.62,17.25,0
Pump_station,7/4/12,1.51,0.0025,0.005,0.01,1.21,1.19,30.98,38.62,14.58,0
Pump_station,7/12/12,1.51,0.0025,0.1814,0.02,1.5,1.3,31.94,38.84,10.57,0.25
Pump_station,7/18/12,1.51,0.0025,0.0697,0.02,1.47,1.38,31.97,40.37,9.62,0
Pump_station,7/27/12,1.51,0.0025,0.0748,0.05,1.41,1.29,30.28,39.34,11.35,13.46
Pump_station,8/3/12,1.51,0.0025,0.0137,0.05,1.25,1.19,26.82,37.16,13.75,10.16
Pump_station,8/9/12,1.51,0.0025,0.005,0.03,1.09,1.06,22.95,35.6,15.47,0
Pump_station,8/16/12,1.51,0.0025,0.0351,0.01,1.18,1.14,23.89,35.14,15.69,0
Pump_station,8/22/12,1.51,0.0025,0.0605,0.02,1.1,1.02,23.43,33.79,16.42,0
Pump_station,8/30/12,1.5,0.0025,0.0199,0.03,0.94,0.89,20.21,32.61,21.03,0
Pump_station,9/5/12,1.51,0.0025,0.005,0.02,1.09,1.07,19.81,31.67,20.7,0
Pump_station,9/13/12,1.51,0.0025,0.0242,0.05,0.95,0.88,22.51,31.74,22.17,0
Pump_station,9/20/12,1.51,0.0025,0.005,0.03,0.88,0.84,22.04,28.41,21.44,0
Pump_station,9/27/12,1.51,0.0025,0.005,0.01,0.97,0.96,22.32,30.19,24.24,0
Pump_station,10/4/12,1.51,0.0025,0.0169,0.01,0.95,0.92,21.67,29.84,21.61,0
Pump_station,10/11/12,1.5,0.0025,0.018,0.03,0.95,0.9,23,30.29,20.6,0
Pump_station,10/18/12,1.51,0.0025,0.1447,0.02,1.28,1.11,23.3,31.36,21.08,0
Pump_station,10/25/12,1.5,0.0025,0.2377,0.01,1.64,1.39,41.88,18.4,6.71,0
Pump_station,11/1/12,1.88,0.0025,0.2029,1.93,3.02,0.89,37.3,15.03,15.34,0
Pump_station,11/9/12,1.5,0.0025,0.1758,1.63,2.49,0.69,29.24,18.54,26.59,0
Pump_station,11/21/12,1.5,0.0025,0.2121,0.4,1.47,0.86,31.49,23.17,31.41,0
Pump_station,11/29/12,1.5,0.0025,0.1766,0.23,1.15,0.74,27.3,23.18,33.69,0
Pump_station,12/6/12,1.5,0.0025,0.1606,0.17,1.05,0.72,26.24,24.48,36.42,0
Pump_station,12/15/12,1.5,0.0025,0.1074,0.1,1.12,0.91,28.9,25.09,29.12,0
Pump_station,12/22/12,1.5,0.0025,0.135,0.24,1.1,0.73,28.01,25.42,28.43,0
Pump_station,12/27/12,1.5,0.0025,0.134,0.53,1.26,0.6,23.9,26.81,29.8,0
Pump_station,1/4/13,1.5,0.0025,0.161,0.55,1.36,0.65,21.43,24.76,36.75,182.37
Pump_station,1/10/13,1.5,0.0025,0.156,0.5,1.08,0.43,20.24,23.38,44.4,159
Pump_station,1/17/13,1.5,0.0025,0.242,0.32,1.29,0.72,18.81,25.25,42.1,0.25
Pump_station,1/24/13,1.5,0.0025,0.186,0.37,1.13,0.57,20.08,23.04,46.68,4.83
Pump_station,3/7/13,1.5,0.0025,0.217,1.7,2.4,0.48,19.95,19.26,28.85,0
Pump_station,3/15/13,1.68,0.0025,0.023,0.62,1.69,1.05,25.02,25.44,21.03,0
Pump_station,3/20/13,1.5,0.0023,0.1791,0.58,1.42,0.66,27.58,23.03,23.23,0
Pump_station,3/28/13,1.5,0.0025,0.088,0.58,1.05,0.39,27.64,35.49,27.96,0
Pump_station,4/5/13,1.5,0.0025,0.0025,0.28,0.86,0.58,25.28,29.52,38.56,2.79
Pump_station,4/11/13,1.5,0.0025,0.071,0.14,0.76,0.55,25.15,22.05,33.49,0
Pump_station,4/18/13,1.5,0.0025,0.014,0.04,0.85,0.81,27.56,24.59,32.64,0
Pump_station,4/26/13,1.68,0.0025,1.188,1.85,4.04,1,28.11,23.27,19.79,0
Pump_station,5/2/13,1.5,0.0025,1.335,1.51,3.42,0.57,27.77,23.56,23.73,0
Pump_station,5/9/13,1.54,0.0025,0.578,1.56,2.18,0.04,33.17,52.31,26.2,2.54
Pump_station,5/15/13,1.5,0.0025,0.22,0.34,1.44,0.88,31.88,21.24,17.69,0
Pump_station,5/23/13,1.5,0.0025,0.23,0.1,1.07,0.75,33.88,20.56,16.52,5.84
Pump_station,5/29/13,1.5,0.0025,0.014,0.37,1.17,0.78,32.94,21.56,16.64,0
Pump_station,6/5/13,1.5,0.0025,0.231,0.09,1.08,0.76,34.68,21.85,14.69,0
Pump_station,6/14/13,1.51,0.0025,0.827,2.58,7.89,4.48,25.37,9.69,8.5,0.25
Pump_station,6/19/13,1.5,0.0025,0.548,1.12,2.44,0.77,26.33,17.98,20.86,0.76
Pump_station,6/28/13,1.66,0.0025,0.196,0.36,1.58,1.02,27.64,18.95,17.54,16
Pump_station,7/6/13,1.67,0.0025,-9999,2.32,3.65,1.33,31.04,15.65,13.14,0
Pump_station,7/11/13,1.6,0.0025,0.305,0.09,1.48,1.08,45.69,17.96,9.01,14.73
Pump_station,7/18/13,1.51,0.0025,0.061,0.13,0.9,0.72,33.79,30.33,22.29,0
Pump_station,7/25/13,1.51,0.0025,0.093,0.05,0.93,0.78,34.89,17.78,11.97,0.25
Pump_station,8/1/13,1.51,0.0025,0.233,1.01,1.44,0.2,19.03,11.66,10.94,5.33
Pump_station,8/9/13,1.51,0.0025,0.163,0.02,0.8,0.62,24.91,12.89,7.24,0
Pump_station,8/16/13,1.71,0.0025,0.25,1.58,2.71,0.88,34.36,12.34,13.4,2.29
Pump_station,8/23/13,1.54,0.0025,0.241,0.88,2.2,1.08,39.93,13.87,13.64,23.62
Pump_station,8/30/13,1.62,0.0025,0.051,1.1,2.14,0.99,39.6,13.81,14.37,0
Pump_station,9/6/13,1.5,0.0025,0.0492,0.04,1.41,1.32,43.18,14.1,12.41,0
Pump_station,9/12/13,1.5,0.0025,0.0647,0.01,1.44,1.37,43.97,15,11.7,0
Pump_station,9/19/13,1.5,0.0025,0.0567,0.05,1.56,1.45,43.18,15.87,13.14,0
Pump_station,9/27/13,1.5,0.0025,0.071,0.01,1.29,1.21,40.28,16.45,12.9,0
Pump_station,10/3/13,1.5,0.0025,0.0025,0.01,1.18,1.17,41.48,17.38,12.6,0
Pump_station,10/11/13,1.74,0.038,0.0388,0.41,1.44,1,22.07,9.25,7.02,1.02
Pump_station,10/25/13,1.5,0.0025,0.513,0.14,1.8,1.15,35.78,16.9,19.5,0
Pump_station,11/1/13,1.5,0.0025,0.638,0.11,1.72,0.97,29.16,17.15,27.38,9.91
Pump_station,11/8/13,1.5,0.0025,0.564,0.13,1.51,0.81,23.46,17.85,-9999,0
Pump_station,11/17/13,1.5,0.0025,0.397,0.19,1.25,0.66,22.3,20.6,31.45,0.76
Pump_station,11/23/13,1.5,0.0025,0.436,0.2,1.27,0.64,22.54,20.63,34.77,1.02
Pump_station,11/29/13,1.71,0.0025,0.154,3.46,4.35,0.74,24.54,16.46,13.73,0
Pump_station,12/4/13,1.5,0.0025,0.204,1.26,2.11,0.65,20.76,15.59,21.37,1.27
Pump_station,12/14/13,1.5,0.0025,0.1,0.88,1.37,0.39,11.29,9.76,13.84,22.61
Pump_station,12/19/13,1.71,0.0025,0.0631,0.46,1.03,0.5,17.56,7.52,7.81,0
Pump_station,1/3/14,1.7,0.0025,0.0865,0.44,0.72,0.19,6.8,6,10.29,0
Pump_station,1/8/14,1.5,0.0025,0.0683,0.94,1.39,0.38,12.23,14.63,29.18,0
Pump_station,1/15/14,1.79,0.0025,0.0269,1.19,1.87,0.66,23.64,12.28,12.13,0.25
Pump_station,2/7/14,1.7,0.0025,0.0451,1.03,1.66,0.59,23.66,16.31,13.58,0
Pump_station,2/13/14,1.77,0.0025,0.0419,1.14,1.63,0.44,16.71,13.66,14.26,6.6
Pump_station,2/20/14,1.5,0.0025,0.0684,1.21,1.68,0.4,14.72,15.98,30.91,0
Pump_station,2/23/14,1.5,0.0025,0.078,0.99,1.65,0.58,19.96,15.13,24.66,0